EAR,MAR,Label
0.1293,0.1316,0
0.2563,0.1228,0
0.2814,0.1231,0
0.1857,0.1244,0
0.2853,0.1227,0
0.2699,0.1261,0
0.2771,0.1218,0
0.2632,0.1216,0
0.2801,0.1255,0
0.2857,0.1249,0
0.2685,0.125,0
0.2909,0.1253,0
0.2976,0.1273,0
0.2748,0.1248,0
0.2975,0.1258,0
0.3037,0.1255,0
0.2895,0.1255,0
0.3074,0.1254,0
0.2874,0.1255,0
0.2871,0.1252,0
0.2833,0.1237,0
0.3029,0.1235,0
0.3012,0.1242,0
0.3043,0.1243,0
0.2662,0.1221,0
0.2463,0.1205,0
0.2823,0.1249,0
0.3189,0.1252,0
0.3086,0.1236,0
0.3042,0.1242,0
0.2981,0.1237,0
0.2598,0.136,0
0.1182,0.1341,0
0.2392,0.1276,0
0.2537,0.1263,0
0.2255,0.1251,0
0.2688,0.1249,0
0.2608,0.1259,0
0.2772,0.1227,0
0.2907,0.1256,0
0.274,0.1229,0
0.2987,0.1229,0
0.3121,0.1234,0
0.2919,0.1222,0
0.3038,0.1227,0
0.3065,0.1218,0
0.2982,0.1212,0
0.3039,0.1218,0
0.3186,0.1238,0
0.3035,0.1221,0
0.2965,0.1218,0
0.2992,0.1233,0
0.3079,0.1228,0
0.2964,0.1231,0
0.2952,0.1233,0
0.2988,0.1232,0
0.3139,0.1221,0
0.3208,0.1235,0
0.2064,0.1231,0
0.3051,0.1224,0
0.2853,0.122,0
0.3109,0.1222,0
0.3157,0.1228,0
0.322,0.1238,0
0.3166,0.1226,0
0.3158,0.1217,0
0.3023,0.122,0
0.2919,0.1216,0
0.2945,0.1235,0
0.327,0.1219,0
0.2851,0.1217,0
0.3318,0.1217,0
0.3312,0.1222,0
0.3258,0.1227,0
0.2485,0.1229,0
0.3239,0.122,0
0.3204,0.1225,0
0.2696,0.1227,0
0.3063,0.1237,0
0.3165,0.1236,0
0.3119,0.1239,0
0.3004,0.123,0
0.3196,0.1239,0
0.2561,0.1223,0
0.2909,0.1223,0
0.2996,0.1222,0
0.2887,0.121,0
0.2966,0.1209,0
0.3084,0.1197,0
0.2836,0.1214,0
0.1872,0.1211,0
0.3033,0.1209,0
0.2919,0.1196,0
0.3044,0.1217,0
0.2942,0.1233,0
0.2181,0.1211,0
0.2995,0.1199,0
0.303,0.1212,0
0.292,0.121,0
0.3123,0.1205,0
0.3146,0.1215,0
0.2874,0.1216,0
0.2976,0.1205,0
0.3097,0.1191,0
0.3068,0.1217,0
0.3098,0.1207,0
0.3013,0.1215,0
0.2789,0.1213,0
0.2964,0.1207,0
0.3025,0.1202,0
0.2946,0.1194,0
0.1714,0.1201,0
0.2865,0.1242,0
0.2717,0.1216,0
0.3048,0.121,0
0.2973,0.123,0
0.3239,0.1254,0
0.3131,0.1218,0
0.321,0.122,0
0.3123,0.1235,0
0.2614,0.1213,0
0.2987,0.1217,0
0.3136,0.1209,0
0.3104,0.1216,0
0.2949,0.1202,0
0.2978,0.1212,0
0.2249,0.1239,0
0.2294,0.1269,0
0.2284,0.1271,0
0.2235,0.128,0
0.2233,0.1289,0
0.2293,0.1294,0
0.2229,0.1281,0
0.2257,0.1278,0
0.2216,0.1276,0
0.1972,0.1283,0
0.2425,0.1272,0
0.2498,0.1272,0
0.2524,0.1283,0
0.2507,0.1276,0
0.2334,0.1257,0
0.2596,0.1233,0
0.2947,0.1217,0
0.0826,0.1213,0
0.2972,0.1192,0
0.259,0.1235,0
0.3139,0.1187,0
0.2852,0.1221,0
0.2751,0.1218,0
0.2963,0.1205,0
0.3146,0.121,0
0.3125,0.1209,0
0.3065,0.1227,0
0.223,0.1219,0
0.2393,0.1201,0
0.2988,0.1217,0
0.3017,0.1214,0
0.2995,0.1201,0
0.3009,0.1215,0
0.2817,0.1231,0
0.3034,0.121,0
0.3075,0.1212,0
0.3098,0.1209,0
0.2947,0.1215,0
0.3121,0.1216,0
0.3003,0.122,0
0.3012,0.1217,0
0.3067,0.1209,0
0.3104,0.1209,0
0.2982,0.1204,0
0.2968,0.1223,0
0.2929,0.1204,0
0.292,0.1215,0
0.3004,0.12,0
0.2849,0.1233,0
0.3064,0.1208,0
0.2689,0.1219,0
0.3157,0.1227,0
0.3164,0.1213,0
0.3103,0.1211,0
0.3166,0.1221,0
0.3166,0.1209,0
0.3152,0.1211,0
0.2484,0.1221,0
0.3115,0.1217,0
0.3122,0.1222,0
0.3132,0.1223,0
0.2956,0.1215,0
0.3069,0.1219,0
0.3018,0.1227,0
0.3211,0.1216,0
0.311,0.1226,0
0.3204,0.1253,0
0.2977,0.1211,0
0.2817,0.1211,0
0.286,0.1192,0
0.2917,0.129,0
0.3077,0.1278,0
0.3043,0.1221,0
0.3111,0.1194,0
0.2843,0.1207,0
0.2698,0.1295,0
0.2859,0.1191,0
0.3124,0.1179,0
0.3074,0.1192,0
0.277,0.1196,0
0.3099,0.1243,0
0.2887,0.1235,0
0.252,0.1255,0
0.2948,0.1237,0
0.3113,0.123,0
0.243,0.1254,0
0.2036,0.124,0
0.312,0.2754,0
0.2942,0.1222,0
0.2733,0.1231,0
0.3007,0.1193,0
0.3234,0.1185,0
0.0787,0.1213,0
0.181,0.1205,0
0.3228,0.1217,0
0.3022,0.1244,0
0.2017,0.1412,0
0.2112,0.1313,0
0.2122,0.1307,0
0.2348,0.1304,0
0.2472,0.1317,0
0.2438,0.1297,0
0.2304,0.1292,0
0.2334,0.1292,0
0.1657,0.13,0
0.2377,0.1296,0
0.2168,0.1294,0
0.2296,0.126,0
0.2124,0.1269,0
0.1671,0.1256,0
0.2755,0.124,0
0.2735,0.1271,0
0.2822,0.1255,0
0.2792,0.1246,0
0.2819,0.1255,0
0.277,0.1279,0
0.2809,0.1256,0
0.2786,0.1252,0
0.2247,0.1277,0
0.2837,0.127,0
0.2725,0.1256,0
0.2743,0.1236,0
0.2615,0.1243,0
0.2642,0.1254,0
0.2647,0.1251,0
0.2677,0.1253,0
0.267,0.1234,0
0.2642,0.1253,0
0.2557,0.1235,0
0.2739,0.1286,0
0.2675,0.122,0
0.2678,0.1172,0
0.2757,0.1211,0
0.2653,0.1212,0
0.2755,0.1224,0
0.2724,0.1201,0
0.2848,0.1216,0
0.2772,0.1197,0
0.266,0.1189,0
0.2768,0.1173,0
0.2165,0.1208,0
0.2504,0.123,0
0.281,0.1247,0
0.2717,0.1244,0
0.2602,0.1224,0
0.2664,0.1226,0
0.2083,0.1233,0
0.2594,0.1244,0
0.2754,0.122,0
0.2701,0.1219,0
0.2505,0.124,0
0.2587,0.1228,0
0.2219,0.1242,0
0.2638,0.1215,0
0.2506,0.1235,0
0.2754,0.1231,0
0.2673,0.1225,0
0.2571,0.1216,0
0.2558,0.1241,0
0.2129,0.1219,0
0.2832,0.1221,0
0.2601,0.1254,0
0.2879,0.1232,0
0.2628,0.1244,0
0.1315,0.1222,0
0.2502,0.1282,0
0.2396,0.1235,0
0.2615,0.1223,0
0.2417,0.1294,0
0.2585,0.1224,0
0.2676,0.1223,0
0.2466,0.1223,0
0.2756,0.1225,0
0.2673,0.1242,0
0.2743,0.1228,0
0.2581,0.1288,0
0.2533,0.1265,0
0.2567,0.1219,0
0.1791,0.1215,0
0.27,0.1331,0
0.2452,0.1228,0
0.2911,0.1247,0
0.2917,0.1225,0
0.2783,0.1211,0
0.2907,0.1226,0
0.2941,0.1206,0
0.2835,0.1225,0
0.2695,0.1233,0
0.2691,0.1223,0
0.2696,0.1216,0
0.2738,0.1255,0
0.2702,0.1242,0
0.2629,0.1223,0
0.2624,0.1227,0
0.2767,0.1229,0
0.2614,0.1304,0
0.2666,0.1212,0
0.2737,0.131,0
0.2717,0.1224,0
0.253,0.1233,0
0.2565,0.1325,0
0.2976,0.1225,0
0.2715,0.1312,0
0.2739,0.125,0
0.2939,0.1252,0
0.2664,0.1246,0
0.2814,0.1245,0
0.2685,0.1229,0
0.2723,0.1237,0
0.2895,0.1231,0
0.289,0.1259,0
0.2788,0.1238,0
0.3052,0.1245,0
0.3067,0.1246,0
0.2707,0.1226,0
0.2842,0.1216,0
0.2587,0.1238,0
0.2841,0.1245,0
0.2985,0.1245,0
0.2109,0.1274,0
0.3109,0.1253,0
0.286,0.1233,0
0.317,0.1238,0
0.2901,0.1231,0
0.2853,0.1241,0
0.3098,0.1246,0
0.2964,0.1213,0
0.3093,0.1232,0
0.289,0.1232,0
0.2481,0.1263,0
0.1958,0.1251,0
0.1324,0.1227,0
0.2151,0.1254,0
0.2905,0.1262,0
0.3014,0.1237,0
0.2903,0.1248,0
0.292,0.1239,0
0.3004,0.1251,0
0.3064,0.1239,0
0.3072,0.1235,0
0.3131,0.1247,0
0.302,0.124,0
0.2991,0.1244,0
0.3055,0.1238,0
0.3034,0.1253,0
0.3029,0.1254,0
0.3248,0.1235,0
0.3094,0.125,0
0.3122,0.125,0
0.3041,0.1222,0
0.2787,0.1222,0
0.3026,0.1227,0
0.2928,0.1251,0
0.289,0.1261,0
0.2829,0.1243,0
0.3081,0.1246,0
0.2971,0.1239,0
0.3047,0.1245,0
0.2551,0.124,0
0.2695,0.1241,0
0.2872,0.126,0
0.297,0.124,0
0.313,0.1239,0
0.3001,0.1237,0
0.3005,0.1236,0
0.2906,0.1257,0
0.3006,0.1243,0
0.2996,0.1249,0
0.3045,0.123,0
0.3007,0.1235,0
0.3043,0.122,0
0.2973,0.1242,0
0.3022,0.1233,0
0.2993,0.1237,0
0.2664,0.1237,0
0.2507,0.1238,0
0.2984,0.1224,0
0.3084,0.1231,0
0.3107,0.1235,0
0.3028,0.1237,0
0.1109,0.124,0
0.2998,0.1223,0
0.2976,0.1225,0
0.3168,0.1238,0
0.2902,0.1212,0
0.2494,0.1295,0
0.1349,0.1295,0
0.2072,0.1326,0
0.1801,0.1323,0
0.23,0.1283,0
0.231,0.1314,0
0.2347,0.128,0
0.2359,0.1268,0
0.2385,0.1263,0
0.2348,0.1263,0
0.2563,0.1268,0
0.2546,0.1264,0
0.2666,0.1274,0
0.103,0.129,0
0.296,0.1244,0
0.0851,0.1214,0
0.0649,0.1244,0
0.2506,0.1224,0
0.3858,0.1327,0
0.5406,0.1309,0
0.3022,0.1253,0
0.3231,0.1214,0
0.329,0.1226,0
0.3113,0.1218,0
0.3357,0.1215,0
0.3349,0.1219,0
0.3237,0.1206,0
0.1965,0.1206,0
0.3102,0.1204,0
0.3213,0.1196,0
0.3108,0.1209,0
0.311,0.1198,0
0.3051,0.1206,0
0.2932,0.1215,0
0.3154,0.125,0
0.327,0.121,0
0.3325,0.1213,0
0.2532,0.1253,0
0.3133,0.121,0
0.3171,0.122,0
0.319,0.1204,0
0.2933,0.121,0
0.3133,0.1201,0
0.3054,0.1212,0
0.3004,0.1194,0
0.2229,0.1223,0
0.323,0.1222,0
0.345,0.1222,0
0.3557,0.121,0
0.3212,0.1208,0
0.3474,0.1216,0
0.3449,0.1221,0
0.3391,0.122,0
0.3434,0.1225,0
0.3309,0.1227,0
0.2075,0.122,0
0.3242,0.122,0
0.3394,0.1222,0
0.3278,0.1207,0
0.2311,0.1219,0
0.326,0.1231,0
0.3277,0.1209,0
0.314,0.1202,0
0.322,0.1218,0
0.2609,0.123,0
0.3235,0.1213,0
0.3175,0.1215,0
0.332,0.1222,0
0.3275,0.1205,0
0.3253,0.1223,0
0.3251,0.1203,0
0.332,0.1207,0
0.3306,0.1203,0
0.3249,0.1229,0
0.2427,0.1216,0
0.3102,0.1207,0
0.317,0.1212,0
0.3257,0.121,0
0.3271,0.121,0
0.2735,0.121,0
0.3115,0.1215,0
0.3257,0.1205,0
0.3071,0.1189,0
0.2745,0.1196,0
0.3069,0.1225,0
0.3047,0.1215,0
0.3136,0.1207,0
0.2676,0.1216,0
0.3095,0.1209,0
0.29,0.1216,0
0.2955,0.1232,0
0.3031,0.1208,0
0.2624,0.1214,0
0.3012,0.1207,0
0.3,0.1194,0
0.3127,0.1201,0
0.3188,0.1195,0
0.2923,0.1246,0
0.1971,0.1238,0
0.2075,0.1238,0
0.2496,0.1207,0
0.3158,0.124,0
0.2943,0.1302,0
0.3128,0.1224,0
0.3017,0.1202,0
0.3133,0.1224,0
0.3179,0.1219,0
0.3186,0.1209,0
0.2968,0.1216,0
0.3077,0.1186,0
0.2901,0.1183,0
0.2883,0.1205,0
0.3232,0.1199,0
0.3251,0.1208,0
0.2965,0.1212,0
0.3209,0.1201,0
0.3066,0.1214,0
0.3059,0.1203,0
0.3177,0.12,0
0.2969,0.1204,0
0.3151,0.1203,0
0.2955,0.1219,0
0.3017,0.1204,0
0.3044,0.1217,0
0.3264,0.1211,0
0.2459,0.1205,0
0.3061,0.1209,0
0.2821,0.1196,0
0.2624,0.1202,0
0.2865,0.1205,0
0.2836,0.1194,0
0.2816,0.1203,0
0.3244,0.1218,0
0.324,0.1246,0
0.3232,0.1251,0
0.3123,0.1246,0
0.3226,0.1238,0
0.3128,0.1239,0
0.319,0.1245,0
0.2834,0.1238,0
0.3213,0.1241,0
0.2878,0.1212,0
0.2888,0.1216,0
0.1525,0.1235,0
0.3295,0.124,0
0.3364,0.123,0
0.3212,0.123,0
0.3207,0.1228,0
0.3311,0.1226,0
0.3088,0.1253,0
0.3103,0.1262,0
0.2902,0.1257,0
0.2197,0.1261,0
0.3122,0.1254,0
0.3206,0.1262,0
0.3174,0.1245,0
0.3007,0.1252,0
0.2992,0.1251,0
0.3229,0.1243,0
0.3108,0.123,0
0.3185,0.1243,0
0.313,0.1227,0
0.313,0.1238,0
0.2954,0.1216,0
0.2808,0.1221,0
0.2948,0.1203,0
0.3032,0.1192,0
0.3023,0.12,0
0.3112,0.1195,0
0.3089,0.1199,0
0.3086,0.1202,0
0.3077,0.1197,0
0.2169,0.1208,0
0.2721,0.118,0
0.2921,0.1197,0
0.2946,0.1186,0
0.2949,0.1192,0
0.261,0.1195,0
0.2816,0.1197,0
0.2649,0.1214,0
0.2857,0.1197,0
0.2944,0.1192,0
0.313,0.1252,0
0.2983,0.1253,0
0.2711,0.1258,0
0.2714,0.1243,0
0.2673,0.1245,0
0.2605,0.1232,0
0.2289,0.1258,0
0.2691,0.1261,0
0.2858,0.1227,0
0.2258,0.1288,1
0.2208,0.1258,1
0.2288,0.1254,1
0.1416,0.1228,1
0.0909,0.1259,1
0.0965,0.1339,1
0.0944,0.1268,1
0.1193,0.126,1
0.0537,0.1225,1
0.1978,0.1235,1
0.1217,0.1691,1
0.1344,0.1213,1
0.1515,0.1235,1
0.1507,0.1234,1
0.1589,0.122,1
0.1196,0.1247,1
0.1089,0.1217,1
0.1819,0.1234,1
0.1347,0.1227,1
0.0496,0.1245,1
0.229,0.124,1
0.2271,0.1218,1
0.0468,0.1224,1
0.0584,0.1242,1
0.2074,0.126,1
0.2185,0.1264,1
0.2026,0.1277,1
0.1578,0.1235,1
0.127,0.1229,1
0.2277,0.1228,1
0.1834,0.1213,1
0.2034,0.1213,1
0.2201,0.1233,1
0.2109,0.1251,1
0.2234,0.1223,1
0.2292,0.1219,1
0.0712,0.1214,1
0.2265,0.1232,1
0.1441,0.1233,1
0.1291,0.1248,1
0.2113,0.1276,1
0.1844,0.1228,1
0.1399,0.1233,1
0.2251,0.124,1
0.2153,0.1246,1
0.2269,0.1238,1
0.2197,0.1537,1
0.1259,0.1248,1
0.2242,0.1273,1
0.2254,0.1285,1
0.1708,0.1255,1
0.2002,0.1542,1
0.1674,0.1445,1
0.2141,0.1289,1
0.1575,0.1259,1
0.2082,0.1237,1
0.17,0.1218,1
0.2003,0.124,1
0.1671,0.1215,1
0.1238,0.1233,1
0.2193,0.3964,1
0.2555,0.956,1
0.2635,1.1406,1
0.2665,1.0676,1
0.2744,0.9366,1
0.2614,0.7314,1
0.1479,0.468,1
0.1914,0.4817,1
0.1943,0.7246,1
0.218,0.7355,1
0.1737,0.7487,1
0.2653,0.8086,1
0.0996,0.7909,1
0.2166,0.9124,1
0.1876,1.0502,1
0.2104,1.0737,1
0.2018,0.8265,1
0.2201,0.5981,1
0.2124,0.1229,1
0.22,0.1241,1
0.2269,0.1213,1
0.2294,0.1221,1
0.1319,0.1245,1
0.1469,0.1218,1
0.1409,0.1252,1
0.1577,0.1191,1
0.2071,0.1538,1
0.1199,0.1346,1
0.2161,0.127,1
0.2237,0.1267,1
0.2174,0.1267,1
0.2296,0.128,1
0.2283,0.127,1
0.1493,0.1275,1
0.1016,0.1263,1
0.1726,0.1267,1
0.1213,0.122,1
0.1473,0.1219,1
0.1395,0.1255,1
0.1767,0.1233,1
0.2269,0.12,1
0.1534,0.1231,1
0.2067,0.1232,1
0.225,0.1258,1
0.2048,0.1411,1
0.098,0.2464,1
0.1089,0.1276,1
0.1789,0.1312,1
0.1497,0.1316,1
0.075,0.1272,1
0.2031,0.1314,1
0.1142,0.1259,1
0.1539,0.1283,1
0.1617,0.1258,1
0.2098,0.1272,1
0.2256,0.1276,1
0.217,0.1913,1
0.2394,0.6931,1
0.2503,1.0328,1
0.2606,1.1163,1
0.2414,1.4327,1
0.2297,1.3685,1
0.2072,1.3856,1
0.1379,0.401,1
0.2258,0.463,1
0.1633,0.1249,1
0.2185,0.1254,1
0.2277,0.1262,1
0.2254,0.1219,1
0.1392,0.1246,1
0.1243,0.125,1
0.1522,0.1236,1
0.215,0.1226,1
0.1763,0.1242,1
0.212,0.1228,1
0.1607,0.1187,1
0.2137,0.1219,1
0.1276,0.1222,1
0.2076,0.1203,1
0.1555,0.1214,1
0.1839,0.1226,1
0.2268,0.1231,1
0.171,0.1241,1
0.1033,0.123,1
0.1816,0.1233,1
0.1865,0.1232,1
0.2123,0.1248,1
0.076,0.1243,1
0.0919,0.1245,1
0.2257,0.1245,1
0.1928,0.1217,1
0.1738,0.1196,1
0.1327,0.1199,1
0.1471,0.1209,1
0.1994,0.1277,1
0.0764,0.1274,1
0.1624,0.1354,1
0.2054,0.1369,1
0.2156,0.1225,1
0.2197,0.1224,1
0.2166,0.1284,1
0.2246,0.1197,1
0.2193,0.119,1
0.222,0.1243,1
0.0685,0.1251,1
0.2654,0.4674,1
0.2765,0.5497,1
0.2583,0.6251,1
0.2302,0.6936,1
0.2684,0.7277,1
0.2487,0.7972,1
0.2648,0.6164,1
0.094,0.1244,1
0.1106,0.1232,1
0.1867,0.1249,1
0.2232,0.1222,1
0.2178,0.1241,1
0.1159,0.1235,1
0.1626,0.1249,1
0.1679,0.1218,1
0.1933,0.1262,1
0.2239,0.1252,1
0.2233,0.1268,1
0.2163,0.1261,1
0.2151,0.1247,1
0.1191,0.1238,1
0.1556,0.1252,1
0.1918,0.1338,1
0.2072,0.1365,1
0.2087,0.1341,1
0.2052,0.1359,1
0.2195,0.1329,1
0.2139,0.1278,1
0.2284,0.1327,1
0.2298,0.1328,1
0.228,0.1278,1
0.2281,0.1273,1
0.1908,0.1254,1
0.146,0.1277,1
0.1403,0.1278,1
0.2158,0.1252,1
0.2289,0.1254,1
0.1517,0.1254,1
0.2245,0.1231,1
0.2217,0.1272,1
0.228,0.1281,1
0.2287,0.1269,1
0.2256,0.1225,1
0.1886,0.1247,1
0.225,0.1255,1
0.0963,0.1227,1
0.2289,0.1252,1
0.1976,0.1233,1
0.2039,0.1226,1
0.2181,0.1259,1
0.2276,0.1234,1
0.2238,0.1232,1
0.2257,0.1252,1
0.2096,0.1363,1
0.2006,0.1349,1
0.184,0.1355,1
0.172,0.1325,1
0.183,0.1345,1
0.228,0.13,1
0.1565,0.133,1
0.2253,0.1275,1
0.1508,0.1329,1
0.1564,0.1227,1
0.2276,0.1269,1
0.1837,0.1257,1
0.2288,0.1233,1
0.1603,0.124,1
0.2297,0.1246,1
0.1785,0.1231,1
0.2167,0.1216,1
0.1657,0.1251,1
0.1768,0.1234,1
0.2052,0.1276,1
0.1221,0.1268,1
0.1938,0.1252,1
0.2076,0.123,1
0.1989,0.1234,1
0.211,0.1214,1
0.2211,0.1226,1
0.2017,0.1249,1
0.2177,0.1239,1
0.2227,0.1269,1
0.2003,0.1247,1
0.2046,0.1235,1
0.089,0.1212,1
0.0694,0.122,1
0.1265,0.1216,1
0.1087,0.1212,1
0.1385,0.1217,1
0.1829,0.1219,1
0.2253,0.1244,1
0.1927,0.1239,1
0.1739,0.1207,1
0.2136,0.1264,1
0.2208,0.1291,1
0.2092,0.1288,1
0.191,0.1304,1
0.2278,0.1272,1
0.2241,0.1285,1
0.2044,0.1247,1
0.1479,0.1267,1
0.2276,0.1238,1
0.2017,0.1248,1
0.2049,0.1221,1
0.176,0.124,1
0.1688,0.1363,1
0.222,0.1216,1
0.1867,0.1227,1
0.2163,0.1201,1
0.2263,0.1225,1
0.176,0.126,1
0.1923,0.1263,1
0.2269,0.1265,1
0.1878,0.126,1
0.228,0.1258,1
0.1595,0.1246,1
0.2208,0.1269,1
0.1975,0.1251,1
0.199,0.1258,1
0.1818,0.1236,1
0.2239,0.1248,1
0.2241,0.1264,1
0.2252,0.1259,1
0.1245,0.1248,1
0.1466,0.1261,1
0.1788,0.1206,1
0.0489,0.1214,1
0.2068,0.1233,1
0.2226,0.1222,1
0.2156,0.1227,1
0.1706,0.1239,1
0.0993,0.1251,1
0.1041,0.1274,1
0.1836,0.1231,1
0.1792,0.1238,1
0.1058,0.1258,1
0.2111,0.1251,1
0.1917,0.1242,1
0.1788,0.1245,1
0.1777,0.119,1
0.1318,0.1212,1
0.2044,0.1218,1
0.2251,0.1255,1
0.1947,0.127,1
0.2201,0.1216,1
0.1055,0.1232,1
0.0981,0.1227,1
0.0726,0.1219,1
0.1147,0.121,1
0.1112,0.1264,1
0.1703,0.1233,1
0.2179,0.1214,1
0.1766,0.122,1
0.2195,0.1234,1
0.2012,0.1241,1
0.2294,0.1225,1
0.1964,0.1229,1
0.1392,0.1282,1
0.2241,0.128,1
0.1167,0.1238,1
0.1844,0.1229,1
0.2115,0.1238,1
0.1774,0.1188,1
0.1847,0.1178,1
0.2256,0.1156,1
0.2111,0.123,1
0.2279,0.1239,1
0.1681,0.1226,1
0.0639,0.1257,1
0.2005,0.1266,1
0.1415,0.1249,1
0.2263,0.1271,1
0.3018,0.1226,0
0.052,0.1294,0
0.2878,0.1356,0
0.2563,0.1361,0
0.2564,0.1248,0
0.2625,0.1307,0
0.2639,0.146,0
0.2623,0.1364,0
0.2707,0.1339,0
0.2612,0.1351,0
0.2602,0.1358,0
0.2282,0.1341,0
0.2774,0.1346,0
0.28,0.1375,0
0.2928,0.1305,0
0.2982,0.1317,0
0.2707,0.1257,0
0.3024,0.1267,0
0.2765,0.1268,0
0.2925,0.1279,0
0.2718,0.13,0
0.2376,0.1264,0
0.022,0.1248,0
0.2671,0.1282,0
0.2819,0.1285,0
0.2933,0.1324,0
0.3041,0.1271,0
0.2819,0.1282,0
0.2919,0.1283,0
0.262,0.1272,0
0.3015,0.1285,0
0.1728,0.1182,0
0.2538,0.1268,0
0.2555,0.1218,0
0.2767,0.1222,0
0.3023,0.1271,0
0.2801,0.1227,0
0.2733,0.1266,0
0.2808,0.1261,0
0.2938,0.1263,0
0.278,0.1267,0
0.2694,0.1254,0
0.2812,0.1259,0
0.2829,0.1317,0
0.256,0.1325,0
0.2977,0.1332,0
0.2849,0.1319,0
0.277,0.1338,0
0.274,0.1316,0
0.2683,0.1337,0
0.2719,0.135,0
0.2418,0.1331,0
0.2617,0.1347,0
0.2588,0.1347,0
0.26,0.1327,0
0.251,0.1333,0
0.2621,0.1325,0
0.2554,0.1303,0
0.2598,0.1288,0
0.2646,0.131,0
0.259,0.1302,0
0.2564,0.1288,0
0.2563,0.1299,0
0.258,0.1291,0
0.2445,0.1301,0
0.2561,0.1247,0
0.2667,0.1262,0
0.261,0.1242,0
0.2656,0.1198,0
0.2801,0.1189,0
0.2682,0.1238,0
0.2744,0.1191,0
0.2621,0.1181,0
0.2382,0.1255,0
0.2638,0.1239,0
0.2955,0.1212,0
0.2846,0.1236,0
0.2876,0.1254,0
0.3066,0.1251,0
0.2671,0.125,0
0.2968,0.1349,0
0.3041,0.1236,0
0.3054,0.1251,0
0.2913,0.124,0
0.2956,0.124,0
0.2977,0.1255,0
0.3002,0.1267,0
0.3001,0.1256,0
0.3049,0.1274,0
0.3021,0.1257,0
0.3076,0.1227,0
0.3007,0.1844,0
0.2875,0.1358,0
0.292,0.1241,0
0.2875,0.1239,0
0.2867,0.1263,0
0.3034,0.1255,0
0.2296,0.1234,0
0.2872,0.2013,0
0.2947,0.143,0
0.2871,0.1232,0
0.2939,0.1276,0
0.2973,0.1234,0
0.282,0.1228,0
0.285,0.1252,0
0.2805,0.1313,0
0.288,0.1201,0
0.2856,0.1338,0
0.282,0.1278,0
0.2904,0.1246,0
0.2993,0.1341,0
0.2919,0.1964,0
0.2657,0.2047,0
0.2888,0.1202,0
0.2713,0.1226,0
0.2835,0.1173,0
0.2668,0.1176,0
0.2843,0.1214,0
0.2978,0.1299,0
0.2715,0.1253,0
0.2576,0.1241,0
0.277,0.1314,0
0.2915,0.1243,0
0.2904,0.1268,0
0.294,0.1247,0
0.2935,0.1256,0
0.2898,0.1301,0
0.2784,0.1445,0
0.2584,0.13,0
0.2912,0.1506,0
0.2933,0.1463,0
0.2976,0.1234,0
0.2779,0.124,0
0.284,0.1258,0
0.2841,0.1263,0
0.2374,0.1234,0
0.28,0.1252,0
0.292,0.1238,0
0.2883,0.1247,0
0.3017,0.1248,0
0.2885,0.1246,0
0.2963,0.1239,0
0.292,0.124,0
0.2951,0.1242,0
0.2911,0.1248,0
0.2827,0.1231,0
0.2969,0.1246,0
0.287,0.1251,0
0.2808,0.1262,0
0.2797,0.1233,0
0.2754,0.1223,0
0.2914,0.1255,0
0.2963,0.1245,0
0.2874,0.1253,0
0.099,0.1249,0
0.2805,0.1243,0
0.2908,0.1219,0
0.2888,0.1239,0
0.2866,0.1247,0
0.287,0.1264,0
0.2906,0.125,0
0.2856,0.1245,0
0.2893,0.1243,0
0.2796,0.1228,0
0.2592,0.1234,0
0.2714,0.1195,0
0.2731,0.1224,0
0.254,0.123,0
0.2912,0.1235,0
0.2856,0.1264,0
0.2888,0.1279,0
0.3056,0.1276,0
0.2725,0.1238,0
0.2883,0.1254,0
0.2884,0.126,0
0.2825,0.1309,0
0.2934,0.1272,0
0.2876,0.1297,0
0.3025,0.1269,0
0.2825,0.1237,0
0.2817,0.1246,0
0.2815,0.1249,0
0.2792,0.1261,0
0.2829,0.1294,0
0.2797,0.1248,0
0.3281,0.1238,0
0.2919,0.1237,0
0.2839,0.1223,0
0.2956,0.1993,0
0.2903,0.2282,0
0.2787,0.1586,0
0.2742,0.1374,0
0.3017,0.1461,0
0.2811,0.1685,0
0.2724,0.141,0
0.3015,0.1376,0
0.2567,0.1567,0
0.2883,0.1461,0
0.28,0.1314,0
0.2736,0.1297,0
0.2685,0.1317,0
0.2766,0.1338,0
0.2738,0.1344,0
0.2568,0.1313,0
0.296,0.1261,0
0.266,0.1246,0
0.2903,0.1229,0
0.281,0.1249,0
0.2911,0.1243,0
0.3034,0.1239,0
0.2958,0.1262,0
0.2914,0.1243,0
0.2864,0.1233,0
0.2752,0.1255,0
0.2798,0.1254,0
0.2891,0.1253,0
0.2813,0.1245,0
0.2815,0.1236,0
0.2858,0.1242,0
0.2707,0.1245,0
0.2849,0.1249,0
0.2852,0.1247,0
0.2703,0.1262,0
0.2849,0.1246,0
0.2842,0.1253,0
0.2852,0.1244,0
0.2892,0.1244,0
0.2864,0.1233,0
0.2817,0.1257,0
0.281,0.1241,0
0.2701,0.1248,0
0.2645,0.1241,0
0.2953,0.1233,0
0.1728,0.1253,0
0.2714,0.1278,0
0.2746,0.1262,0
0.2542,0.1264,0
0.2447,0.1246,0
0.2595,0.1257,0
0.2616,0.1255,0
0.2728,0.1266,0
0.257,0.1245,0
0.2562,0.1247,0
0.2688,0.1243,0
0.2627,0.125,0
0.2798,0.1245,0
0.2886,0.1262,0
0.2606,0.1258,0
0.2639,0.1234,0
0.2728,0.1258,0
0.2657,0.1235,0
0.2586,0.1238,0
0.2622,0.1269,0
0.2761,0.129,0
0.2749,0.1258,0
0.2767,0.1248,0
0.2562,0.1271,0
0.259,0.1247,0
0.2473,0.1227,0
0.2587,0.1252,0
0.262,0.1233,0
0.272,0.1263,0
0.1489,0.1278,0
0.2647,0.1259,0
0.2763,0.124,0
0.2612,0.1219,0
0.2585,0.1238,0
0.2649,0.1238,0
0.252,0.1247,0
0.2486,0.1254,0
0.2691,0.1261,0
0.2665,0.1242,0
0.2809,0.1251,0
0.2657,0.1226,0
0.2703,0.1235,0
0.2628,0.1229,0
0.2544,0.1209,0
0.2646,0.1231,0
0.2622,0.1243,0
0.2601,0.1235,0
0.2615,0.12,0
0.2566,0.1229,0
0.2471,0.1204,0
0.2597,0.1242,0
0.2504,0.1226,0
0.2533,0.1245,0
0.2585,0.1193,0
0.2537,0.123,0
0.2667,0.1217,0
0.2579,0.1249,0
0.2672,0.1204,0
0.2552,0.1214,0
0.1559,0.122,0
0.2463,0.1212,0
0.2612,0.1235,0
0.2623,0.1215,0
0.2134,0.1232,0
0.2666,0.1267,0
0.2807,0.126,0
0.2596,0.1259,0
0.2835,0.1222,0
0.2978,0.1277,0
0.2925,0.1232,0
0.2852,0.1239,0
0.2685,0.1252,0
0.2789,0.1222,0
0.2665,0.125,0
0.2942,0.1235,0
0.2535,0.123,0
0.2957,0.1235,0
0.2781,0.1242,0
0.2796,0.1278,0
0.2792,0.1236,0
0.267,0.1234,0
0.2705,0.1239,0
0.2746,0.1243,0
0.2723,0.1239,0
0.2737,0.1242,0
0.2962,0.124,0
0.2714,0.1253,0
0.276,0.124,0
0.2898,0.1414,0
0.17,0.1273,0
0.2786,0.1386,0
0.2747,0.1289,0
0.2895,0.123,0
0.309,0.1214,0
0.284,0.123,0
0.2786,0.1208,0
0.2833,0.1208,0
0.2797,0.1185,0
0.292,0.1204,0
0.2509,0.1194,0
0.3032,0.121,0
0.2693,0.122,0
0.2665,0.1211,0
0.2647,0.1171,0
0.2705,0.1195,0
0.2882,0.1254,0
0.2933,0.12,0
0.3034,0.1262,0
0.3171,0.1517,0
0.2759,0.1409,0
0.2507,0.2249,0
0.2459,0.1695,0
0.2716,0.1223,0
0.304,0.1353,0
0.2776,0.1548,0
0.2768,0.1194,0
0.2728,0.117,0
0.3067,0.1209,0
0.3002,0.1374,0
0.2835,0.1316,0
0.2852,0.1223,0
0.2848,0.1243,0
0.298,0.1199,0
0.261,0.1251,0
0.2784,0.1165,0
0.2766,0.1176,0
0.2804,0.1164,0
0.2931,0.1201,0
0.2923,0.1212,0
0.2735,0.115,0
0.2807,0.1186,0
0.257,0.121,0
0.2835,0.12,0
0.2984,0.1243,0
0.2831,0.1221,0
0.2948,0.1248,0
0.2675,0.123,0
0.2383,0.1223,0
0.2741,0.1198,0
0.2757,0.1191,0
0.2715,0.1222,0
0.255,0.1204,0
0.2651,0.1186,0
0.249,0.1235,0
0.2149,0.1212,0
0.2566,0.12,0
0.2653,0.1225,0
0.2557,0.1226,0
0.3076,0.1338,0
0.292,0.1257,0
0.2609,0.126,0
0.2799,0.1279,0
0.2672,0.1247,0
0.3032,0.1284,0
0.28,0.1319,0
0.2797,0.1239,0
0.2782,0.1308,0
0.2783,0.1223,0
0.2855,0.1286,0
0.2668,0.1219,0
0.2731,0.1219,0
0.2702,0.1225,0
0.2714,0.1226,0
0.2925,0.1212,0
0.2685,0.1241,0
0.2601,0.1209,0
0.279,0.1226,0
0.2661,0.1213,0
0.2718,0.1221,0
0.2531,0.1221,0
0.2716,0.1248,0
0.2666,0.1213,0
0.3032,0.1217,0
0.2747,0.1217,0
0.2744,0.1218,0
0.2699,0.1215,0
0.2646,0.1214,0
0.2664,0.1237,0
0.2979,0.1234,0
0.279,0.1222,0
0.2697,0.1222,0
0.2777,0.1221,0
0.2669,0.1242,0
0.2609,0.1205,0
0.2518,0.1269,0
0.261,0.1196,0
0.2709,0.1232,0
0.2875,0.1177,0
0.2981,0.1229,0
0.2945,0.1249,0
0.2857,0.1334,0
0.2877,0.1237,0
0.3009,0.1255,0
0.2963,0.1296,0
0.2845,0.1226,0
0.2909,0.1303,0
0.2777,0.1221,0
0.2849,0.1217,0
0.2788,0.122,0
0.2686,0.1215,0
0.271,0.1205,0
0.2757,0.1226,0
0.2952,0.1231,0
0.2849,0.1232,0
0.2851,0.1254,0
0.28,0.1246,0
0.2774,0.1218,0
0.2695,0.1225,0
0.2654,0.1228,0
0.2692,0.1241,0
0.2623,0.1252,0
0.2828,0.124,0
0.2853,0.1238,0
0.2619,0.1256,0
0.2781,0.1213,0
0.2594,0.1229,0
0.2813,0.1208,0
0.2669,0.1211,0
0.2808,0.1214,0
0.2356,0.1222,0
0.3,0.1223,0
0.2863,0.1238,0
0.2652,0.1212,0
0.2647,0.1241,0
0.2903,0.1226,0
0.2918,0.1258,0
0.2874,0.1298,0
0.2859,0.124,0
0.2889,0.1276,0
0.2725,0.123,0
0.2725,0.1233,0
0.2696,0.1232,0
0.2725,0.1237,0
0.2631,0.1233,0
0.2709,0.1224,0
0.2419,0.121,0
0.2537,0.1218,0
0.2535,0.1239,0
0.2915,0.121,0
0.2737,0.1213,0
0.2734,0.1199,0
0.2733,0.1206,0
0.2922,0.121,0
0.2709,0.1249,0
0.2595,0.121,0
0.2723,0.1226,0
0.2662,0.1217,0
0.2763,0.1216,0
0.2745,0.1204,0
0.2962,0.1212,0
0.2958,0.1223,0
0.2839,0.1213,0
0.0563,0.1206,0
0.2993,0.1261,0
0.2814,0.1259,0
0.2793,0.1238,0
0.207,0.1278,0
0.217,0.1242,0
0.2909,0.1245,0
0.2906,0.1251,0
0.2865,0.1258,0
0.292,0.1268,0
0.2849,0.1265,0
0.2731,0.124,0
0.2751,0.1227,0
0.2783,0.1267,0
0.2939,0.1484,0
0.2684,0.1659,0
0.2747,0.1517,0
0.2586,0.1392,0
0.2751,0.1226,0
0.29,0.1262,0
0.2867,0.1315,0
0.283,0.1244,0
0.2767,0.1247,0
0.3155,0.1174,0
0.2878,0.1139,0
0.2899,0.128,0
0.2773,0.1275,0
0.2814,0.1272,0
0.288,0.1284,0
0.3052,0.1273,0
0.2871,0.1268,0
0.2915,0.126,0
0.2881,0.1255,0
0.223,0.1237,0
0.306,0.1232,0
0.2954,0.1253,0
0.3009,0.1271,0
0.3075,0.1266,0
0.2775,0.1281,0
0.3101,0.1304,0
0.2887,0.1289,0
0.1871,0.1262,0
0.3076,0.1255,0
0.3017,0.1279,0
0.2983,0.1258,0
0.3049,0.1268,0
0.2871,0.1292,0
0.2863,0.1285,0
0.307,0.1259,0
0.307,0.1269,0
0.3197,0.1294,0
0.3026,0.1283,0
0.2164,0.1303,0
0.2864,0.1333,0
0.3158,0.1289,0
0.2266,0.1266,0
0.2213,0.1277,0
0.235,0.128,0
0.3605,0.1264,0
0.2407,0.1236,0
0.2884,0.1162,0
0.2824,0.154,0
0.2689,0.1706,0
0.1448,0.1327,0
0.2706,0.1223,0
0.289,0.2076,0
0.2597,0.2764,0
0.2976,0.2336,0
0.3037,0.224,0
0.3028,0.2332,0
0.2815,0.2301,0
0.2992,0.1268,0
0.2953,0.1275,0
0.3164,0.1266,0
0.3125,0.1297,0
0.2949,0.1303,0
0.3081,0.1273,0
0.3179,0.129,0
0.3007,0.1302,0
0.2816,0.1278,0
0.2785,0.128,0
0.2739,0.1271,0
0.2838,0.1281,0
0.2934,0.1266,0
0.2891,0.1292,0
0.278,0.1291,0
0.3143,0.1303,0
0.293,0.1263,0
0.309,0.1265,0
0.2979,0.1285,0
0.285,0.1306,0
0.3151,0.1284,0
0.3013,0.1264,0
0.2784,0.1265,0
0.299,0.1265,0
0.2996,0.1263,0
0.3072,0.1293,0
0.3019,0.1256,0
0.3094,0.1276,0
0.3016,0.1267,0
0.2968,0.1273,0
0.2925,0.1268,0
0.3064,0.1269,0
0.2904,0.1246,0
0.2746,0.1269,0
0.2843,0.1259,0
0.2264,0.1272,0
0.299,0.1277,0
0.2999,0.1265,0
0.3079,0.1279,0
0.2988,0.126,0
0.3086,0.126,0
0.3009,0.1267,0
0.3039,0.127,0
0.3169,0.1273,0
0.3165,0.1272,0
0.2944,0.127,0
0.2973,0.1268,0
0.2889,0.124,0
0.2929,0.1264,0
0.2215,0.1251,0
0.2434,0.1242,0
0.2062,0.1209,0
0.1898,0.1359,1
0.1106,0.1293,1
0.1454,0.1287,1
0.0278,0.12,1
0.0678,0.118,1
0.1176,0.1203,1
0.1332,0.1191,1
0.2114,0.1249,1
0.2197,0.1229,1
0.0114,0.1201,1
0.0135,0.1218,1
0.2244,0.1197,1
0.1869,0.1203,1
0.008,0.1215,1
0.0287,0.1196,1
0.2084,0.1196,1
0.217,0.1266,1
0.0209,0.1205,1
0.2264,0.1187,1
0.1616,0.1188,1
0.1712,0.1218,1
0.1543,0.1199,1
0.2106,0.1227,1
0.1795,0.1198,1
0.1842,0.1202,1
0.038,0.119,1
0.1445,0.1179,1
0.1906,0.1216,1
0.2038,0.122,1
0.1066,0.1203,1
0.218,0.1213,1
0.0536,0.12,1
0.0244,0.1207,1
0.2237,0.121,1
0.1906,0.1208,1
0.1418,0.1206,1
0.1475,0.3147,1
0.1634,0.1183,1
0.0107,0.1224,1
0.1507,0.1234,1
0.0319,0.1258,1
0.2291,0.1236,1
0.1611,0.122,1
0.1885,0.1224,1
0.1271,0.1242,1
0.1182,0.1183,1
0.0467,0.1187,1
0.225,0.1199,1
0.1974,0.1188,1
0.2041,0.1305,1
0.2166,0.1223,1
0.2167,0.1221,1
0.2226,0.1208,1
0.1812,0.1208,1
0.2145,0.1208,1
0.2106,0.1221,1
0.0485,0.124,1
0.0608,0.1232,1
0.1684,0.121,1
0.0161,0.1229,1
0.0179,0.1209,1
0.2113,0.1271,1
0.0431,0.1328,1
0.0254,0.1266,1
0.1875,0.131,1
0.2193,0.1249,1
0.229,0.1284,1
0.2145,0.1231,1
0.0069,0.1242,1
0.0758,0.1332,1
0.0889,0.1214,1
0.0246,0.1248,1
0.2208,0.1245,1
0.1982,0.121,1
0.2287,0.1251,1
0.1412,0.127,1
0.1915,0.1452,1
0.0613,0.1247,1
0.146,0.1451,1
0.2278,0.1231,1
0.2217,0.132,1
0.2266,0.1245,1
0.2298,0.1229,1
0.19,0.1258,1
0.1152,0.12,1
0.1751,0.1228,1
0.188,0.1187,1
0.212,0.1235,1
0.2009,0.1196,1
0.2104,0.1215,1
0.1996,0.1215,1
0.2262,0.1196,1
0.2111,0.1217,1
0.0275,0.1211,1
0.1059,0.1212,1
0.229,0.1196,1
0.0756,0.1193,1
0.2233,0.1187,1
0.1619,0.1191,1
0.171,0.1196,1
0.087,0.1193,1
0.2045,0.12,1
0.2241,0.1241,1
0.1696,0.1261,1
0.2293,0.1211,1
0.0843,0.1214,1
0.1712,0.119,1
0.2255,0.1208,1
0.1944,0.1208,1
0.1182,0.1214,1
0.0763,0.1214,1
0.2069,0.1215,1
0.1849,0.1214,1
0.2269,0.121,1
0.1994,0.1216,1
0.2173,0.124,1
0.2153,0.1216,1
0.1622,0.1215,1
0.1963,0.12,1
0.223,0.1249,1
0.2116,0.1262,1
0.2186,0.1256,1
0.206,0.1266,1
0.2129,0.1212,1
0.1671,0.1207,1
0.2293,0.1213,1
0.2243,0.1207,1
0.0566,0.1191,1
0.2268,0.1205,1
0.2294,0.1198,1
0.1675,0.12,1
0.0412,0.12,1
0.0454,0.1214,1
0.1945,0.1214,1
0.2268,0.1212,1
0.2298,0.1215,1
0.2286,0.123,1
0.0365,0.1213,1
0.2284,0.1199,1
0.0499,0.1207,1
0.2267,0.1154,1
0.2171,0.1222,1
0.2289,0.1222,1
0.1381,0.1203,1
0.2291,0.1204,1
0.2284,0.1216,1
0.2233,0.1204,1
0.1342,0.1221,1
0.2075,0.1213,1
0.2271,0.1221,1
0.1928,0.1216,1
0.226,0.1211,1
0.2142,0.1203,1
0.2107,0.1212,1
0.214,0.1204,1
0.1552,0.1206,1
0.2156,0.1219,1
0.1745,0.1206,1
0.2226,0.126,1
0.2036,0.1224,1
0.2242,0.1225,1
0.2104,0.1257,1
0.2108,0.1311,1
0.2039,0.1227,1
0.2206,0.1225,1
0.1935,0.1226,1
0.0431,0.1221,1
0.2097,0.124,1
0.2213,0.1236,1
0.2251,0.1226,1
0.2286,0.1204,1
0.2287,0.1203,1
0.2283,0.1204,1
0.1701,0.1205,1
0.2291,0.1198,1
0.2223,0.1206,1
0.2218,0.1225,1
0.2098,0.1229,1
0.2078,0.1209,1
0.0941,0.1213,1
0.2279,0.121,1
0.2295,0.1212,1
0.2285,0.1203,1
0.2286,0.1203,1
0.0699,0.1223,1
0.2131,0.12,1
0.2241,0.122,1
0.2287,0.1218,1
0.0554,0.1223,1
0.2293,0.1204,1
0.226,0.1224,1
0.2259,0.1221,1
0.2261,0.121,1
0.0168,0.1208,1
0.2275,0.122,1
0.1123,0.1216,1
0.2227,0.1203,1
0.0497,0.1221,1
0.23,0.1216,1
0.2271,0.1207,1
0.2273,0.1224,1
0.2282,0.1206,1
0.1384,0.1246,1
0.1229,0.1182,1
0.2289,0.12,1
0.2213,0.1147,1
0.2245,0.1187,1
0.1658,0.1197,1
0.2165,0.1199,1
0.2292,0.1191,1
0.228,0.1193,1
0.2277,0.1194,1
0.2148,0.1204,1
0.2103,0.12,1
0.2049,0.1198,1
0.1482,0.1193,1
0.2217,0.1202,1
0.1289,0.1203,1
0.2185,0.1205,1
0.2138,0.1203,1
0.2143,0.1205,1
0.0589,0.1214,1
0.2212,0.1195,1
0.2293,0.1199,1
0.2199,0.1212,1
0.2061,0.1207,1
0.2183,0.1206,1
0.2261,0.1209,1
0.218,0.1207,1
0.2298,0.1203,1
0.2284,0.1211,1
0.2032,0.1213,1
0.2006,0.1208,1
0.2173,0.1192,1
0.1165,0.1223,1
0.0343,0.1212,1
0.2264,0.1203,1
0.1841,0.1213,1
0.1064,0.1205,1
0.2116,0.12,1
0.0429,0.1201,1
0.2297,0.121,1
0.2171,0.1204,1
0.2289,0.1202,1
0.0339,0.1216,1
0.1922,0.1208,1
0.2252,0.1207,1
0.2111,0.1214,1
0.2102,0.1208,1
0.2078,0.1223,1
0.2162,0.1217,1
0.1802,0.1212,1
0.1877,0.1221,1
0.2292,0.1201,1
0.2231,0.1229,1
0.2192,0.1218,1
0.2276,0.1213,1
0.2299,0.121,1
0.2294,0.1221,1
0.2294,0.1222,1
0.0434,0.1218,1
0.2264,0.1225,1
0.2113,0.1209,1
0.2204,0.1243,1
0.2387,0.1297,0
0.2458,0.1201,0
0.3019,0.1216,0
0.2519,0.1232,0
0.2728,0.1224,0
0.2605,0.1369,0
0.1891,0.129,0
0.2552,0.1218,0
0.2462,0.1277,0
0.2886,0.119,0
0.2949,0.1246,0
0.2871,0.1215,0
0.3008,0.1207,0
0.2174,0.1286,0
0.2819,0.1191,0
0.3023,0.1289,0
0.2651,0.125,0
0.2942,0.1262,0
0.2834,0.1282,0
0.2634,0.1227,0
0.2703,0.1242,0
0.0913,0.122,0
0.2865,0.1201,0
0.3048,0.1249,0
0.2825,0.129,0
0.2747,0.1257,0
0.2335,0.2579,0
0.2627,0.1239,0
0.231,0.1272,0
0.2368,0.1213,0
0.2579,0.1281,0
0.2516,0.1271,0
0.2491,0.1305,0
0.2449,0.1245,0
0.2554,0.1272,0
0.2502,0.1276,0
0.221,0.1254,0
0.2102,0.1292,0
0.2416,0.1216,0
0.2742,0.1191,0
0.2806,0.1181,0
0.2592,0.1211,0
0.2613,0.1211,0
0.2709,0.1208,0
0.2655,0.1243,0
0.2109,0.1219,0
0.2756,0.1236,0
0.2695,0.1221,0
0.2671,0.1229,0
0.2604,0.1283,0
0.2839,0.1276,0
0.2834,0.1278,0
0.2812,0.1223,0
0.2682,0.1206,0
0.2902,0.1245,0
0.279,0.1239,0
0.2822,0.1261,0
0.289,0.1232,0
0.2669,0.1226,0
0.2211,0.1248,0
0.2398,0.1233,0
0.2901,0.1249,0
0.2797,0.1255,0
0.2839,0.1266,0
0.2521,0.1273,0
0.2826,0.1247,0
0.2452,0.1276,0
0.28,0.1255,0
0.2811,0.1279,0
0.2779,0.1258,0
0.2822,0.1265,0
0.2799,0.1265,0
0.2466,0.1278,0
0.2276,0.129,0
0.2454,0.127,0
0.2571,0.1274,0
0.2741,0.1266,0
0.2902,0.1253,0
0.2693,0.1274,0
0.2506,0.1303,0
0.2562,0.1248,0
0.254,0.1273,0
0.2644,0.1259,0
0.2307,0.1283,0
0.2701,0.1274,0
0.2684,0.1257,0
0.2689,0.126,0
0.2759,0.1266,0
0.2886,0.1256,0
0.1596,0.128,0
0.2572,0.1305,0
0.244,0.1228,0
0.223,0.1239,0
0.2592,0.1254,0
0.2546,0.1267,0
0.2598,0.1295,0
0.2179,0.126,0
0.2592,0.1258,0
0.2654,0.1286,0
0.2666,0.1257,0
0.2758,0.1265,0
0.2753,0.1302,0
0.2937,0.1284,0
0.2979,0.1308,0
0.2598,0.1262,0
0.2655,0.1288,0
0.254,0.1284,0
0.2714,0.1285,0
0.2529,0.1292,0
0.2759,0.1295,0
0.2607,0.1294,0
0.2846,0.129,0
0.2906,0.128,0
0.2683,0.1299,0
0.2567,0.1297,0
0.2847,0.1277,0
0.244,0.1263,0
0.2879,0.1287,0
0.2795,0.1281,0
0.2714,0.1276,0
0.2739,0.1258,0
0.2798,0.1281,0
0.2862,0.1283,0
0.2954,0.1277,0
0.2591,0.1266,0
0.2619,0.1247,0
0.2676,0.1278,0
0.2666,0.1262,0
0.2668,0.1253,0
0.2742,0.1247,0
0.274,0.1273,0
0.269,0.1276,0
0.2733,0.127,0
0.2865,0.1268,0
0.3053,0.1247,0
0.3083,0.1276,0
0.2935,0.1293,0
0.296,0.129,0
0.2793,0.1298,0
0.268,0.1286,0
0.2968,0.1263,0
0.2925,0.1261,0
0.2991,0.1261,0
0.288,0.1296,0
0.2795,0.1283,0
0.2987,0.1266,0
0.289,0.1258,0
0.2941,0.1305,0
0.2775,0.129,0
0.2756,0.126,0
0.2161,0.1332,0
0.2841,0.1282,0
0.2732,0.1292,0
0.2934,0.1277,0
0.2999,0.1256,0
0.2782,0.1255,0
0.2753,0.1258,0
0.2853,0.1261,0
0.2417,0.1211,0
0.2881,0.1204,0
0.2577,0.1224,0
0.2224,0.1253,0
0.2501,0.124,0
0.2717,0.1268,0
0.2432,0.1289,0
0.2851,0.1254,0
0.2799,0.1269,0
0.2705,0.1282,0
0.2793,0.1247,0
0.2803,0.128,0
0.2812,0.1243,0
0.2528,0.1298,0
0.1832,0.1223,0
0.2696,0.131,0
0.2543,0.1304,0
0.2602,0.1306,0
0.2392,0.129,0
0.2597,0.1277,0
0.2763,0.1312,0
0.2762,0.1304,0
0.2572,0.1295,0
0.2268,0.1274,0
0.2357,0.1288,0
0.2483,0.1276,0
0.2497,0.1273,0
0.2649,0.1285,0
0.2556,0.1271,0
0.2708,0.1278,0
0.2868,0.1308,0
0.2796,0.1276,0
0.278,0.1272,0
0.2509,0.1287,0
0.2948,0.1275,0
0.3075,0.1293,0
0.2946,0.13,0
0.292,0.1291,0
0.2879,0.1323,0
0.287,0.13,0
0.2109,0.1255,0
0.2549,0.1224,0
0.185,0.1231,0
0.2823,0.1252,0
0.2536,0.124,0
0.2773,0.123,0
0.221,0.1222,0
0.2402,0.1253,0
0.2994,0.124,0
0.3019,0.131,0
0.2823,0.1225,0
0.3029,0.1247,0
0.1325,0.1249,0
0.2698,0.1239,0
0.2931,0.1246,0
0.2858,0.127,0
0.286,0.1233,0
0.2735,0.1321,0
0.2755,0.1247,0
0.2883,0.1257,0
0.2908,0.1224,0
0.2863,0.127,0
0.1622,0.1226,0
0.2702,0.1241,0
0.2664,0.1258,0
0.2696,0.1266,0
0.2699,0.1257,0
0.257,0.1267,0
0.235,0.1277,0
0.2662,0.1275,0
0.2557,0.124,0
0.2763,0.1249,0
0.2603,0.1271,0
0.2599,0.1245,0
0.2919,0.126,0
0.2671,0.1246,0
0.2286,0.1247,0
0.2491,0.123,0
0.2404,0.1275,0
0.2577,0.1288,0
0.2769,0.1286,0
0.2492,0.1264,0
0.2518,0.1271,0
0.2738,0.1242,0
0.2547,0.1281,0
0.2585,0.1262,0
0.2868,0.1286,0
0.2772,0.1238,0
0.3008,0.1278,0
0.2397,0.1241,0
0.2732,0.1238,0
0.2616,0.1261,0
0.2522,0.124,0
0.2766,0.1273,0
0.2746,0.1251,0
0.2642,0.1258,0
0.2466,0.125,0
0.2411,0.1263,0
0.2455,0.126,0
0.2705,0.1232,0
0.2802,0.1842,0
0.2622,0.1449,0
0.1539,0.1235,0
0.2582,0.1274,0
0.2592,0.3573,0
0.2315,0.1259,0
0.2719,0.1296,0
0.2197,0.1309,0
0.2435,0.1278,0
0.2468,0.1273,0
0.2401,0.1307,0
0.256,0.1288,0
0.2653,0.1313,0
0.1852,0.1303,0
0.2368,0.13,0
0.2504,0.1317,0
0.2192,0.1301,0
0.1904,0.1296,0
0.186,0.1256,0
0.2101,0.1273,0
0.206,0.1279,0
0.2321,0.1268,0
0.2664,0.1271,0
0.2651,0.1267,0
0.29,0.1243,0
0.2765,0.1285,0
0.2583,0.1283,0
0.2495,0.1265,0
0.2642,0.1281,0
0.2647,0.1323,0
0.1518,0.1284,0
0.2583,0.1296,0
0.2501,0.1298,0
0.2283,0.1319,0
0.2409,0.1304,0
0.2582,0.1293,0
0.2484,0.1341,0
0.2174,0.1313,0
0.2333,0.1315,0
0.2558,0.1313,0
0.2191,0.1312,0
0.2742,0.1283,0
0.2674,0.1332,0
0.2759,0.1335,0
0.2835,0.1323,0
0.2776,0.1287,0
0.2532,0.1306,0
0.2174,0.1339,0
0.2219,0.1305,0
0.2013,0.1339,0
0.2666,0.1364,0
0.2789,0.1317,0
0.2816,0.1293,0
0.273,0.1314,0
0.2527,0.1306,0
0.2423,0.1285,0
0.2522,0.1277,0
0.2563,0.1308,0
0.1714,0.1314,0
0.2462,0.1343,0
0.2694,0.1306,0
0.2744,0.133,0
0.2622,0.1326,0
0.2616,0.1292,0
0.2757,0.1306,0
0.2857,0.1291,0
0.254,0.1278,0
0.2223,0.1274,0
0.2491,0.1285,0
0.2703,0.1274,0
0.2755,0.1265,0
0.2877,0.1278,0
0.2392,0.1297,0
0.2359,0.1278,0
0.2094,0.1284,0
0.2363,0.129,0
0.2776,0.1282,0
0.2761,0.1284,0
0.1741,0.1292,0
0.2544,0.1289,0
0.1936,0.1293,0
0.27,0.1244,0
0.2683,0.122,0
0.2716,0.1186,0
0.348,0.1208,0
0.3287,0.1205,0
0.3479,0.1242,0
0.2789,0.1227,0
0.2928,0.1203,0
0.2885,0.1235,0
0.2935,0.1239,0
0.2752,0.12,0
0.2816,0.1207,0
0.2551,0.1219,0
0.292,0.1228,0
0.2799,0.1246,0
0.2696,0.1254,0
0.3007,0.1238,0
0.309,0.125,0
0.2412,0.1207,0
0.2844,0.1274,0
0.3041,0.1263,0
0.2299,0.1269,0
0.2746,0.128,0
0.2204,0.131,0
0.2543,0.1279,0
0.2828,0.1279,0
0.269,0.1275,0
0.2849,0.1265,0
0.255,0.1269,0
0.2661,0.1273,0
0.2724,0.1296,0
0.2429,0.1292,0
0.2683,0.1289,0
0.2583,0.1256,0
0.2329,0.1281,0
0.2654,0.1279,0
0.2751,0.1304,0
0.2369,0.1291,0
0.267,0.1268,0
0.2709,0.1273,0
0.248,0.1294,0
0.2091,0.1215,0
0.247,0.1283,0
0.256,0.1274,0
0.254,0.1272,0
0.1848,0.1202,0
0.2502,0.1284,0
0.2667,0.1266,0
0.2436,0.1296,0
0.2462,0.1269,0
0.2545,0.1276,0
0.255,0.1265,0
0.2427,0.1287,0
0.2494,0.1252,0
0.2503,0.1283,0
0.2877,0.1297,0
0.275,0.1257,0
0.2661,0.1276,0
0.2944,0.1253,0
0.2621,0.1281,0
0.2667,0.1261,0
0.2431,0.1254,0
0.2435,0.126,0
0.259,0.1249,0
0.2467,0.1258,0
0.2474,0.1254,0
0.2559,0.1256,0
0.2473,0.1279,0
0.2691,0.128,0
0.2721,0.1284,0
0.2538,0.1252,0
0.2681,0.1273,0
0.2585,0.128,0
0.2663,0.1266,0
0.2645,0.1285,0
0.2577,0.1278,0
0.2592,0.1281,0
0.2626,0.1257,0
0.1593,0.1264,0
0.251,0.127,0
0.2603,0.1271,0
0.2722,0.1268,0
0.2659,0.1296,0
0.2172,0.1278,0
0.264,0.1256,0
0.2655,0.1287,0
0.2506,0.1287,0
0.2676,0.1299,0
0.2414,0.1265,0
0.2237,0.1295,0
0.2813,0.1312,0
0.2695,0.1318,0
0.1444,0.1298,0
0.272,0.1295,0
0.2746,0.132,0
0.2845,0.1315,0
0.2712,0.132,0
0.1757,0.1297,0
0.2844,0.1245,0
0.2774,0.126,0
0.2747,0.1246,0
0.2141,0.1259,0
0.2776,0.1254,0
0.2869,0.1267,0
0.2747,0.1269,0
0.2266,0.1253,0
0.277,0.1218,0
0.2447,0.1239,0
0.2631,0.1239,0
0.2759,0.123,0
0.2653,0.1226,0
0.2552,0.123,0
0.2738,0.1253,0
0.2364,0.1252,0
0.2279,0.1263,0
0.2585,0.1269,0
0.257,0.1297,0
0.2458,0.1277,0
0.2711,0.1296,0
0.2371,0.1281,0
0.2104,0.1281,0
0.1602,0.1282,0
0.2185,0.123,0
0.2319,0.1245,0
0.2559,0.1244,0
0.2827,0.1253,0
0.2776,0.1248,0
0.2276,0.1215,0
0.2572,0.1219,0
0.2758,0.1248,0
0.2937,0.1253,0
0.2792,0.1208,0
0.2325,0.1263,0
0.2624,0.1201,0
0.2553,0.1227,0
0.2232,0.1278,0
0.2733,0.1253,0
0.2655,0.1251,0
0.2398,0.1253,0
0.2431,0.1262,0
0.2583,0.1266,0
0.1974,0.1281,0
0.2869,0.1277,0
0.2854,0.1247,0
0.2377,0.1255,0
0.2916,0.1263,0
0.2416,0.1274,0
0.2525,0.1258,0
0.2622,0.1247,0
0.2883,0.127,0
0.2285,0.1244,0
0.23,0.1266,0
0.1959,0.1273,0
0.239,0.1267,0
0.2153,0.1252,0
0.248,0.1232,0
0.2236,0.1272,0
0.1891,0.1239,0
0.1907,0.1278,0
0.2352,0.1254,0
0.2431,0.125,0
0.2268,0.1261,0
0.2296,0.1283,0
0.2285,0.1266,0
0.2645,0.1249,0
0.2834,0.1262,0
0.2438,0.1247,0
0.2507,0.1245,0
0.2409,0.1269,0
0.2826,0.1238,0
0.2782,0.1231,0
0.263,0.1378,0
0.2831,0.1257,0
0.2657,0.1332,0
0.1553,0.1274,0
0.2597,0.1268,0
0.2502,0.1248,0
0.2421,0.1267,0
0.2402,0.1237,0
0.2433,0.1221,0
0.2638,0.1276,0
0.2602,0.1261,0
0.2532,0.1277,0
0.2424,0.1291,0
0.2561,0.1254,0
0.2428,0.1215,0
0.2391,0.1237,0
0.1998,0.1248,0
0.2428,0.1234,0
0.2861,0.1253,0
0.2892,0.1265,0
0.2821,0.1277,0
0.2844,0.1259,0
0.2623,0.1272,0
0.1888,0.1244,0
0.2566,0.1203,0
0.2515,0.1228,0
0.2598,0.1257,0
0.2828,0.1225,0
0.2591,0.1235,0
0.2619,0.1234,0
0.2602,0.1228,0
0.2925,0.1219,0
0.2979,0.1197,0
0.2822,0.1244,0
0.29,0.1214,0
0.2695,0.1248,0
0.2864,0.1256,0
0.2491,0.1221,0
0.2961,0.1262,0
0.2726,0.1256,0
0.28,0.1219,0
0.2742,0.1257,0
0.2802,0.123,0
0.1267,0.1265,0
0.2735,0.1204,0
0.2625,0.1255,0
0.2474,0.1275,0
0.2077,0.1253,0
0.2527,0.1252,0
0.2797,0.1242,0
0.2804,0.1274,0
0.2518,0.1268,0
0.2712,0.125,0
0.2658,0.1223,0
0.2715,0.1278,0
0.2441,0.1231,0
0.2354,0.1242,0
0.2464,0.1209,0
0.2657,0.1266,0
0.2369,0.1255,0
0.288,0.13,0
0.1845,0.1251,0
0.2694,0.1281,0
0.2726,0.1272,0
0.2609,0.1265,0
0.2498,0.1242,0
0.2479,0.1268,0
0.2208,0.1252,0
0.2536,0.1259,0
0.2748,0.126,0
0.2472,0.1262,0
0.2619,0.1256,0
0.2807,0.1267,0
0.2609,0.1293,0
0.2729,0.1269,0
0.2293,0.1486,0
0.2487,0.1244,0
0.2652,0.1235,0
0.2588,0.123,0
0.2395,0.1267,0
0.2609,0.1265,0
0.2657,0.1259,0
0.2538,0.1255,0
0.2773,0.1277,0
0.275,0.1278,0
0.252,0.1254,0
0.1722,0.1266,0
0.2672,0.1244,0
0.2782,0.1251,0
0.2694,0.1238,0
0.2567,0.1258,0
0.2499,0.1254,0
0.2778,0.1275,0
0.2507,0.1259,0
0.2688,0.1255,0
0.278,0.1245,0
0.2677,0.1204,0
0.2472,0.1533,0
0.2375,0.1262,0
0.2037,0.1256,0
0.2565,0.1262,0
0.2206,0.1223,0
0.2616,0.1249,0
0.2677,0.1225,0
0.2486,0.1228,0
0.2299,0.1282,0
0.232,0.119,0
0.2411,0.1222,0
0.2682,0.1204,0
0.2624,0.1208,0
0.161,0.1273,0
0.2801,0.123,0
0.2299,0.1181,0
0.2225,0.1252,0
0.2363,0.1191,0
0.2641,0.1232,0
0.2559,0.1222,0
0.2725,0.1173,0
0.2763,0.1206,0
0.2108,0.1214,0
0.2672,0.118,0
0.28,0.1205,0
0.2835,0.1204,0
0.2097,0.1229,0
0.2247,0.1203,0
0.2379,0.1212,0
0.2455,0.1224,0
0.2978,0.1189,0
0.2876,0.1233,0
0.2776,0.1179,0
0.2687,0.1208,0
0.2929,0.1192,0
0.2829,0.1204,0
0.2699,0.1175,0
0.2693,0.1187,0
0.2768,0.1195,0
0.2651,0.1221,0
0.2659,0.1198,0
0.2456,0.1197,0
0.2475,0.1222,0
0.2463,0.1199,0
0.2775,0.1241,0
0.2592,0.1207,0
0.2378,0.1237,0
0.2522,0.1268,0
0.2539,0.1213,0
0.2644,0.1259,0
0.2656,0.121,0
0.2431,0.1264,0
0.187,0.1257,0
0.1052,0.1238,0
0.206,0.1183,0
0.2363,0.1204,0
0.2495,0.1208,0
0.2628,0.1235,0
0.2513,0.12,0
0.2474,0.1271,0
0.2349,0.1251,0
0.2906,0.1295,0
0.2727,0.1222,0
0.2675,0.1244,0
0.2688,0.1231,0
0.2683,0.128,0
0.2517,0.1234,0
0.2617,0.1253,0
0.2636,0.1248,0
0.2674,0.1261,0
0.2189,0.1243,0
0.2794,0.1242,0
0.2901,0.1263,0
0.2698,0.1266,0
0.2699,0.1213,0
0.215,0.1208,0
0.231,0.1224,0
0.2538,0.124,0
0.2288,0.1221,0
0.2712,0.1218,0
0.2809,0.1208,0
0.2355,0.1221,0
0.2781,0.123,0
0.1656,0.1209,0
0.1924,0.1198,0
0.2006,0.1223,0
0.1817,0.1282,1
0.2118,0.1247,1
0.214,0.127,1
0.2165,0.1264,1
0.2279,0.1247,1
0.2293,0.1282,1
0.2095,0.1293,1
0.2125,0.1297,1
0.2196,0.1281,1
0.2098,0.1239,1
0.2154,0.1224,1
0.2044,0.1202,1
0.1694,0.1218,1
0.2063,0.1239,1
0.1932,0.1273,1
0.1967,0.1295,1
0.213,0.1289,1
0.2129,0.13,1
0.2071,0.1284,1
0.217,0.1288,1
0.2174,0.1259,1
0.0981,0.1299,1
0.1865,0.1274,1
0.1815,0.1287,1
0.1946,0.1305,1
0.1976,0.1304,1
0.1936,0.1291,1
0.2027,0.1293,1
0.1964,0.1304,1
0.1942,0.1309,1
0.1902,0.1276,1
0.1995,0.1306,1
0.1995,0.1305,1
0.1955,0.1311,1
0.1936,0.1245,1
0.1907,0.1258,1
0.1846,0.1233,1
0.1911,0.1269,1
0.1877,0.1259,1
0.2091,0.1302,1
0.2024,0.1295,1
0.2068,0.1287,1
0.201,0.127,1
0.1965,0.1291,1
0.1969,0.1302,1
0.2006,0.1301,1
0.2051,0.1286,1
0.1993,0.1267,1
0.0997,0.1243,1
0.1516,0.1238,1
0.1749,0.1259,1
0.2109,0.1306,1
0.1878,0.126,1
0.1894,0.1288,1
0.1851,0.1267,1
0.1747,0.1257,1
0.174,0.1266,1
0.1743,0.1271,1
0.1878,0.1289,1
0.1913,0.1288,1
0.196,0.1276,1
0.179,0.1291,1
0.2012,0.1291,1
0.1925,0.1288,1
0.1877,0.1317,1
0.1721,0.127,1
0.1874,0.1307,1
0.1943,0.1312,1
0.1947,0.1322,1
0.1856,0.1318,1
0.194,0.1288,1
0.133,0.1269,1
0.1579,0.1238,1
0.1873,0.1305,1
0.184,0.1238,1
0.1782,0.1271,1
0.1543,0.1289,1
0.1622,0.1306,1
0.1712,0.1275,1
0.1744,0.1283,1
0.2002,0.1237,1
0.1936,0.127,1
0.1847,0.1297,1
0.2031,0.13,1
0.1963,0.1302,1
0.1553,0.1298,1
0.1745,0.1296,1
0.1964,0.1303,1
0.1892,0.1298,1
0.1244,0.1309,1
0.1507,0.1258,1
0.1713,0.1266,1
0.1918,0.1252,1
0.1795,0.1293,1
0.1867,0.1288,1
0.1681,0.13,1
0.1782,0.1263,1
0.1773,0.1299,1
0.1802,0.1315,1
0.1685,0.1294,1
0.174,0.1292,1
0.1882,0.1272,1
0.1728,0.1304,1
0.1681,0.13,1
0.176,0.1279,1
0.1747,0.1272,1
0.1763,0.1313,1
0.1798,0.1303,1
0.1836,0.1299,1
0.1782,0.127,1
0.1738,0.127,1
0.1798,0.129,1
0.174,0.1286,1
0.1764,0.1306,1
0.1542,0.1293,1
0.0411,0.1237,1
0.1922,0.1312,1
0.1961,0.1285,1
0.2086,0.1262,1
0.214,0.126,1
0.2065,0.1285,1
0.2105,0.1304,1
0.1599,0.1271,1
0.1889,0.1273,1
0.1768,0.1251,1
0.184,0.1245,1
0.2002,0.1249,1
0.2037,0.1289,1
0.1963,0.1272,1
0.2074,0.1326,1
0.2083,0.1315,1
0.2086,0.1296,1
0.2145,0.1307,1
0.1842,0.1288,1
0.1043,0.1288,1
0.1295,0.1291,1
0.1833,0.1273,1
0.1888,0.1268,1
0.1756,0.1264,1
0.2107,0.1317,1
0.227,0.1304,1
0.2288,0.1288,1
0.1955,0.1292,1
0.2158,0.1293,1
0.2111,0.1292,1
0.2185,0.1307,1
0.2187,0.128,1
0.2124,0.1303,1
0.226,0.1321,1
0.229,0.1284,1
0.2115,0.1286,1
0.212,0.1293,1
0.2145,0.1255,1
0.2154,0.1315,1
0.2074,0.1268,1
0.1566,0.1307,1
0.1523,0.1281,1
0.1931,0.1267,1
0.1955,0.1283,1
0.2008,0.129,1
0.1891,0.1302,1
0.204,0.1301,1
0.2041,0.1283,1
0.1475,0.1255,1
0.1651,0.1291,1
0.184,0.1298,1
0.1723,0.1248,1
0.0938,0.1283,1
0.1274,0.1257,1
0.1328,0.1317,1
0.1875,0.1238,1
0.1787,0.1287,1
0.1988,0.1271,1
0.204,0.1281,1
0.0299,0.1281,1
0.0763,0.1277,1
0.077,0.1284,1
0.082,0.1293,1
0.0756,0.1279,1
0.1177,0.1286,1
0.1664,0.128,1
0.1782,0.1303,1
0.1582,0.1284,1
0.1725,0.1262,1
0.146,0.1319,1
0.1533,0.1299,1
0.1638,0.1294,1
0.1773,0.1295,1
0.1767,0.1267,1
0.1892,0.1313,1
0.1933,0.1284,1
0.1553,0.1295,1
0.1812,0.1265,1
0.1816,0.1302,1
0.156,0.1273,1
0.1749,0.1277,1
0.1789,0.1287,1
0.1605,0.1302,1
0.1918,0.1276,1
0.0323,0.1298,1
0.144,0.1284,1
0.153,0.1257,1
0.1747,0.1278,1
0.1608,0.1288,1
0.1585,0.1288,1
0.1525,0.1303,1
0.1945,0.1294,1
0.1745,0.1278,1
0.1534,0.1275,1
0.1562,0.13,1
0.1563,0.1274,1
0.1473,0.1266,1
0.1583,0.1284,1
0.1527,0.1248,1
0.1575,0.1294,1
0.1321,0.13,1
0.1658,0.1251,1
0.1368,0.1273,1
0.1473,0.1266,1
0.1791,0.1292,1
0.1978,0.1292,1
0.1914,0.1304,1
0.1994,0.1297,1
0.1846,0.127,1
0.1745,0.1263,1
0.1819,0.1268,1
0.1682,0.1302,1
0.1934,0.1294,1
0.188,0.1289,1
0.1695,0.127,1
0.189,0.1317,1
0.1926,0.1297,1
0.0411,0.1236,1
0.1991,0.1251,1
0.215,0.124,1
0.2108,0.1232,1
0.199,0.1246,1
0.2161,0.1264,1
0.2148,0.123,1
0.2112,0.1234,1
0.2114,0.1242,1
0.2001,0.126,1
0.1929,0.129,1
0.2098,0.1248,1
0.1453,0.122,1
0.1533,0.1235,1
0.1905,0.1208,1
0.215,0.1243,1
0.2097,0.129,1
0.2137,0.1266,1
0.2175,0.1292,1
0.2165,0.1278,1
0.2111,0.1266,1
0.2182,0.1275,1
0.214,0.1294,1
0.2084,0.1308,1
0.2052,0.1245,1
0.2114,0.1257,1
0.2115,0.1259,1
0.2092,0.1269,1
0.2071,0.1282,1
0.1871,0.1271,1
0.1975,0.1273,1
0.1994,0.1298,1
0.2017,0.1292,1
0.1994,0.1295,1
0.2028,0.1271,1
0.1996,0.1219,1
0.2045,0.124,1
0.2112,0.1246,1
0.2072,0.1263,1
0.2053,0.1299,1
0.2041,0.1285,1
0.2108,0.1299,1
0.2034,0.1297,1
0.2024,0.1231,1
0.2032,0.1284,1
0.2077,0.1247,1
0.1931,0.127,1
0.1806,0.1239,1
0.1887,0.1259,1
0.1895,0.1285,1
0.1993,0.131,1
0.1947,0.128,1
0.0208,0.1274,1
0.1712,0.1333,1
0.2069,0.1242,1
0.1764,0.1254,1
0.1939,0.1283,1
0.2024,0.1244,1
0.2291,0.1273,1
0.2265,0.1264,1
0.2296,0.1252,1
0.2151,0.1271,1
0.2071,0.1279,1
0.2008,0.126,1
0.228,0.1289,1
0.2276,0.1316,1
0.2248,0.1292,1
0.2102,0.1265,1
0.2095,0.126,1
0.2057,0.1273,1
0.2023,0.1309,1
0.2164,0.1288,1
0.2136,0.1295,1
0.2232,0.1282,1
0.2233,0.1299,1
0.1989,0.1295,1
0.2117,0.1307,1
0.2211,0.1296,1
0.2292,0.1313,1
0.212,0.1272,1
0.2184,0.1297,1
0.2186,0.1303,1
0.2226,0.1274,1
0.223,0.1266,1
0.2212,0.1284,1
0.2197,0.1298,1
0.2167,0.1293,1
0.2017,0.1315,1
0.2056,0.1312,1
0.2001,0.1278,1
0.1956,0.1313,1
0.1996,0.1265,1
0.2075,0.1281,1
0.2229,0.1262,1
0.2056,0.1236,1
0.205,0.1253,1
0.2081,0.1271,1
0.2107,0.1254,1
0.2181,0.1227,1
0.2059,0.1263,1
0.2088,0.1265,1
0.1997,0.1219,1
0.1846,0.1283,1
0.1889,0.1261,1
0.1886,0.1251,1
0.1955,0.128,1
0.2013,0.1269,1
0.204,0.1269,1
0.1884,0.1267,1
0.2236,0.1245,1
0.1876,0.1238,1
0.1882,0.1265,1
0.225,0.1283,1
0.2256,0.1264,1
0.223,0.1268,1
0.2135,0.127,1
0.1995,0.1255,1
0.2038,0.1275,1
0.1923,0.1244,1
0.1931,0.1262,1
0.2062,0.1241,1
0.2058,0.1261,1
0.2129,0.1282,1
0.2129,0.129,1
0.2098,0.1273,1
0.2034,0.1288,1
0.2049,0.1279,1
0.1975,0.1267,1
0.1996,0.1296,1
0.1936,0.1289,1
0.1942,0.1298,1
0.197,0.128,1
0.1941,0.1275,1
0.1912,0.1288,1
0.1906,0.1265,1
0.1883,0.1289,1
0.2175,0.1312,1
0.2154,0.1296,1
0.2021,0.131,1
0.1919,0.125,1
0.1982,0.1261,1
0.1875,0.126,1
0.1806,0.1264,1
0.1835,0.1242,1
0.1912,0.1259,1
0.2024,0.1257,1
0.1911,0.1278,1
0.193,0.1256,1
0.1916,0.127,1
0.2125,0.1277,1
0.2019,0.1269,1
0.2023,0.126,1
0.2006,0.1293,1
0.1863,0.126,1
0.2014,0.1269,1
0.1992,0.1285,1
0.2085,0.1258,1
0.1804,0.1284,1
0.1985,0.1285,1
0.201,0.1254,1
0.2005,0.1266,1
0.2003,0.1238,1
0.2019,0.1265,1
0.1985,0.1256,1
0.1847,0.1271,1
0.1825,0.1265,1
0.1983,0.1275,1
0.208,0.1279,1
0.2075,0.1296,1
0.195,0.1272,1
0.1859,0.1269,1
0.1953,0.1256,1
0.1964,0.1273,1
0.1926,0.1272,1
0.1922,0.13,1
0.2012,0.1293,1
0.1814,0.1228,1
0.1871,0.1262,1
0.1815,0.1312,1
0.0928,0.1302,1
0.1471,0.1255,1
0.1683,0.1258,1
0.1782,0.1269,1
0.1854,0.1289,1
0.1678,0.129,1
0.202,0.1306,1
0.2242,0.1291,1
0.2195,0.1299,1
0.1912,0.1243,1
0.1899,0.1247,1
0.1979,0.1288,1
0.1781,0.127,1
0.223,0.1275,1
0.185,0.1275,1
0.2037,0.1267,1
0.1991,0.1269,1
0.2025,0.1245,1
0.202,0.1253,1
0.1947,0.1286,1
0.2124,0.1321,1
0.2033,0.127,1
0.1869,0.123,1
0.2006,0.1249,1
0.203,0.1293,1
0.1965,0.1305,1
0.2058,0.1222,1
0.2183,0.1244,1
0.2103,0.1259,1
0.2028,0.1291,1
0.2006,0.1274,1
0.1999,0.1277,1
0.205,0.1268,1
0.1906,0.1297,1
0.1939,0.1285,1
0.2164,0.1311,1
0.2172,0.1296,1
0.2115,0.127,1
0.2089,0.1297,1
0.2001,0.128,1
0.1969,0.1286,1
0.198,0.128,1
0.1743,0.1293,1
0.1747,0.1276,1
0.1819,0.126,1
0.2066,0.1317,1
0.1861,0.1306,1
0.1835,0.1283,1
0.176,0.1284,1
0.1971,0.1287,1
0.2098,0.1287,1
0.1987,0.1285,1
0.1979,0.1273,1
0.1873,0.1275,1
0.1842,0.1266,1
0.1962,0.1296,1
0.2099,0.1248,1
0.1913,0.1276,1
0.1965,0.1274,1
0.2055,0.1282,1
0.1911,0.1279,1
0.2016,0.1252,1
0.1845,0.1284,1
0.1872,0.1261,1
0.1813,0.1278,1
0.1867,0.1275,1
0.1928,0.1297,1
0.2003,0.1275,1
0.1935,0.1275,1
0.2064,0.1294,1
0.2001,0.1264,1
0.1984,0.1278,1
0.2147,0.1299,1
0.2132,0.1299,1
0.204,0.1296,1
0.2041,0.1281,1
0.2058,0.1276,1
0.1904,0.1298,1
0.2115,0.1306,1
0.205,0.1303,1
0.2016,0.1264,1
0.141,0.1296,1
0.1737,0.1281,1
0.169,0.1287,1
0.182,0.1286,1
0.1734,0.1282,1
0.1624,0.1295,1
0.166,0.128,1
0.171,0.1244,1
0.1766,0.1288,1
0.183,0.1281,1
0.1945,0.1242,1
0.1983,0.1271,1
0.1841,0.1247,1
0.1817,0.1262,1
0.2052,0.1286,1
0.1761,0.1285,1
0.1923,0.1281,1
0.2013,0.1269,1
0.2012,0.1274,1
0.1932,0.1295,1
0.1764,0.1275,1
0.1922,0.1284,1
0.2022,0.1266,1
0.1832,0.1277,1
0.1861,0.1286,1
0.1705,0.1288,1
0.1783,0.1291,1
0.1712,0.1256,1
0.1717,0.1281,1
0.1576,0.1275,1
0.1818,0.1261,1
0.1837,0.1279,1
0.1681,0.1277,1
0.1805,0.1252,1
0.1643,0.1295,1
0.1642,0.1268,1
0.1829,0.1301,1
0.1851,0.1271,1
0.2121,0.1273,1
0.1802,0.1273,1
0.1945,0.1277,1
0.1664,0.1238,1
0.1533,0.1235,1
0.2055,0.1246,1
0.2076,0.1248,1
0.2056,0.1264,1
0.2212,0.1253,1
0.2239,0.1252,1
0.2044,0.128,1
0.2103,0.1251,1
0.2056,0.1253,1
0.2146,0.1271,1
0.2134,0.128,1
0.2116,0.1275,1
0.2212,0.129,1
0.22,0.1296,1
0.2151,0.126,1
0.2234,0.1293,1
0.2028,0.1295,1
0.2027,0.1264,1
0.192,0.1283,1
0.1926,0.1261,1
0.2213,0.1268,1
0.2218,0.1299,1
0.2214,0.1281,1
0.1121,0.1247,1
0.1665,0.1265,1
0.1902,0.1267,1
0.1882,0.1278,1
0.1926,0.1311,1
0.1873,0.1242,1
0.2105,0.1245,1
0.2118,0.1263,1
0.2204,0.1238,1
0.1812,0.1243,1
0.2092,0.1265,1
0.207,0.127,1
0.2197,0.1268,1
0.2176,0.1234,1
0.2038,0.1239,1
0.2258,0.1289,1
0.2157,0.1264,1
0.2098,0.1295,1
0.1952,0.1251,1
0.1947,0.1257,1
0.1942,0.1263,1
0.1925,0.1263,1
0.1889,0.1288,1
0.1959,0.127,1
0.1966,0.1292,1
0.1925,0.1269,1
0.1775,0.128,1
0.1389,0.1261,1
0.1648,0.1263,1
0.1547,0.1249,1
0.1673,0.1261,1
0.1794,0.1223,1
0.1608,0.1249,1
0.1513,0.1237,1
0.1696,0.1252,1
0.1928,0.1247,1
0.199,0.1239,1
0.2063,0.1259,1
0.2168,0.1256,1
0.2246,0.1237,1
0.2237,0.1226,1
0.2236,0.1272,1
0.2193,0.1281,1
0.2162,0.1261,1
0.2134,0.125,1
0.2123,0.1269,1
0.2031,0.1266,1
0.2279,0.126,1
0.2185,0.1283,1
0.213,0.1293,1
0.2017,0.1301,1
0.2072,0.1267,1
0.2065,0.1227,1
0.2025,0.1248,1
0.2054,0.1258,1
0.1944,0.1254,1
0.2173,0.127,1
0.216,0.1254,1
0.226,0.1232,1
0.1501,0.1298,1
0.1294,0.1258,1
0.2159,0.1284,1
0.2182,0.1219,1
0.2208,0.1279,1
0.225,0.1223,1
0.2109,0.1267,1
0.0615,0.1295,1
0.1703,0.1256,1
0.1996,0.1278,1
0.2055,0.1243,1
0.2056,0.1248,1
0.2053,0.1237,1
0.187,0.1237,1
0.1852,0.1287,1
0.1846,0.1234,1
0.1871,0.1251,1
0.1938,0.1242,1
0.1829,0.1263,1
0.202,0.1237,1
0.1872,0.1281,1
0.2058,0.1237,1
0.2039,0.1236,1
0.1948,0.1269,1
0.1951,0.122,1
0.1918,0.123,1
0.1912,0.1225,1
0.1904,0.1269,1
0.1783,0.1274,1
0.1988,0.1232,1
0.1871,0.1231,1
0.1877,0.1235,1
0.1822,0.1245,1
0.1729,0.126,1
0.1848,0.1238,1
0.1295,0.1267,1
0.0997,0.1251,1
0.1044,0.124,1
0.1278,0.1237,1
0.1216,0.1257,1
0.1643,0.1273,1
0.133,0.1244,1
0.1643,0.1283,1
0.1081,0.1228,1
0.1362,0.124,1
0.1496,0.1251,1
0.1554,0.1233,1
0.1678,0.1273,1
0.1502,0.1228,1
0.1604,0.1293,1
0.1976,0.1246,1
0.1498,0.1291,1
0.1676,0.127,1
0.1995,0.125,1
0.1749,0.122,1
0.1795,0.123,1
0.1895,0.1272,1
0.047,0.129,1
0.0372,0.1272,1
0.1398,0.1265,1
0.1329,0.1241,1
0.1594,0.1266,1
0.1603,0.1254,1
0.1543,0.1258,1
0.132,0.1273,1
0.1741,0.124,1
0.2062,0.1275,1
0.2068,0.1278,1
0.2089,0.1272,1
0.2016,0.1283,1
0.2043,0.1274,1
0.1479,0.1271,1
0.1392,0.1274,1
0.1644,0.1267,1
0.1635,0.1251,1
0.1771,0.1283,1
0.1681,0.1285,1
0.1652,0.128,1
0.1719,0.1245,1
0.1844,0.1272,1
0.186,0.1272,1
0.175,0.1232,1
0.165,0.1245,1
0.1586,0.1248,1
0.18,0.1243,1
0.1778,0.1239,1
0.1798,0.1272,1
0.1596,0.1282,1
0.0942,0.1289,1
0.1845,0.1263,1
0.2106,0.1259,1
0.208,0.1278,1
0.209,0.1262,1
0.1995,0.1256,1
0.182,0.1265,1
0.1817,0.1248,1
0.1851,0.1244,1
0.1976,0.1252,1
0.1862,0.1274,1
0.1949,0.1275,1
0.1881,0.1255,1
0.1965,0.1269,1
0.2026,0.1274,1
0.2162,0.1255,1
0.2051,0.1276,1
0.2051,0.1285,1
0.2079,0.1272,1
0.2178,0.1263,1
0.1977,0.1265,1
0.1915,0.1265,1
0.1986,0.126,1
0.2028,0.128,1
0.217,0.1247,1
0.199,0.1213,1
0.2036,0.127,1
0.2072,0.1285,1
0.2073,0.1276,1
0.2108,0.1264,1
0.2032,0.1263,1
0.2078,0.1238,1
0.198,0.127,1
0.1965,0.1262,1
0.2009,0.1227,1
0.2029,0.1233,1
0.1881,0.1261,1
0.1977,0.1245,1
0.1841,0.1259,1
0.1882,0.1258,1
0.2117,0.1276,1
0.2107,0.1246,1
0.2014,0.1268,1
0.2072,0.1277,1
0.2073,0.1259,1
0.189,0.1293,1
0.1969,0.1281,1
0.2021,0.1289,1
0.1695,0.1237,1
0.1782,0.1223,1
0.1977,0.1268,1
0.1898,0.1253,1
0.1939,0.1243,1
0.1905,0.127,1
0.1877,0.1266,1
0.1751,0.1278,1
0.2062,0.1281,1
0.2016,0.1271,1
0.188,0.1247,1
0.1927,0.1244,1
0.1888,0.1259,1
0.2012,0.124,1
0.1919,0.1269,1
0.1954,0.1266,1
0.1899,0.1254,1
0.1937,0.1289,1
0.1946,0.1249,1
0.2028,0.125,1
0.1398,0.1245,1
0.1623,0.1248,1
0.1814,0.1258,1
0.2103,0.1259,1
0.196,0.1259,1
0.1926,0.126,1
0.1998,0.1278,1
0.1941,0.1235,1
0.1803,0.1265,1
0.1889,0.1237,1
0.2032,0.1234,1
0.2224,0.1207,1
0.203,0.125,1
0.2048,0.1242,1
0.2085,0.1252,1
0.2135,0.1246,1
0.1996,0.1255,1
0.204,0.1247,1
0.0937,0.1226,1
0.1525,0.1265,1
0.072,0.1264,1
0.0873,0.1215,1
0.1457,0.1259,1
0.1633,0.1251,1
0.1607,0.1246,1
0.1631,0.1251,1
0.1316,0.1247,1
0.1521,0.1272,1
0.1568,0.1288,1
0.1476,0.1255,1
0.1631,0.1276,1
0.1585,0.1255,1
0.1556,0.125,1
0.1577,0.1277,1
0.1719,0.1258,1
0.1449,0.1276,1
0.1352,0.1248,1
0.1609,0.1284,1
0.1562,0.125,1
0.1588,0.124,1
0.1447,0.1236,1
0.1615,0.1255,1
0.1634,0.1259,1
0.1533,0.1256,1
0.1554,0.1261,1
0.1517,0.1279,1
0.158,0.1263,1
0.1612,0.1262,1
0.1382,0.1246,1
0.165,0.1272,1
0.1692,0.1273,1
0.1481,0.1256,1
0.1784,0.1236,1
0.1546,0.1262,1
0.1607,0.1254,1
0.1835,0.1263,1
0.1845,0.1269,1
0.1728,0.1256,1
0.1467,0.1261,1
0.1616,0.1271,1
0.1441,0.131,1
0.098,0.1245,1
0.1615,0.1296,1
0.1582,0.1268,1
0.109,0.1266,1
0.151,0.1233,1
0.159,0.1258,1
0.1635,0.1284,1
0.1604,0.1246,1
0.1462,0.1257,1
0.1367,0.1241,1
0.1363,0.1234,1
0.1332,0.1233,1
0.1548,0.1246,1
0.1836,0.1257,1
0.1748,0.1244,1
0.1677,0.1254,1
0.1841,0.1261,1
0.168,0.125,1
0.1779,0.1247,1
0.1748,0.1229,1
0.1635,0.1247,1
0.1547,0.1265,1
0.1449,0.1278,1
0.1374,0.1249,1
0.0787,0.1252,1
0.1812,0.1248,1
0.2122,0.1283,1
0.2219,0.1278,1
0.2226,0.1254,1
0.2085,0.1281,1
0.1858,0.129,1
0.1824,0.1272,1
0.1899,0.1255,1
0.1921,0.1248,1
0.2004,0.1258,1
0.1958,0.125,1
0.1968,0.1264,1
0.2,0.1228,1
0.1901,0.1246,1
0.1987,0.1261,1
0.195,0.1266,1
0.1888,0.1283,1
0.2115,0.1269,1
0.2224,0.1238,1
0.2227,0.1268,1
0.2197,0.1266,1
0.2082,0.1259,1
0.202,0.1241,1
0.2002,0.1266,1
0.2031,0.1255,1
0.2115,0.1248,1
0.1994,0.1259,1
0.1936,0.1249,1
0.1984,0.1254,1
0.1931,0.1262,1
0.1963,0.127,1
0.2005,0.1281,1
0.1986,0.1263,1
0.1968,0.1258,1
0.1953,0.1247,1
0.1956,0.1254,1
0.1989,0.1264,1
0.204,0.1252,1
0.2004,0.1255,1
0.2006,0.1268,1
0.1917,0.1284,1
0.1952,0.1247,1
0.2039,0.1249,1
0.2181,0.1264,1
0.1783,0.1248,1
0.2031,0.1266,1
0.1897,0.1246,1
0.1788,0.1244,1
0.1913,0.1244,1
0.1953,0.1264,1
0.1907,0.1251,1
0.198,0.1249,1
0.2,0.1249,1
0.2061,0.1236,1
0.1769,0.1244,1
0.1809,0.1236,1
0.1985,0.1252,1
0.2018,0.123,1
0.1941,0.1258,1
0.2096,0.127,1
0.2126,0.1244,1
0.1945,0.1258,1
0.212,0.1271,1
0.2174,0.1285,1
0.2143,0.1256,1
0.1998,0.1259,1
0.2173,0.1281,1
0.2117,0.1248,1
0.2056,0.1257,1
0.22,0.1268,1
0.2247,0.1254,1
0.2028,0.1239,1
0.2025,0.127,1
0.2086,0.1268,1
0.2126,0.1266,1
0.2037,0.1261,1
0.2102,0.1259,1
0.2131,0.127,1
0.2013,0.1245,1
0.1948,0.1249,1
0.1812,0.1258,1
0.2145,0.1252,1
0.2217,0.1264,1
0.2264,0.1256,1
0.224,0.1292,1
0.1292,0.1263,1
0.1601,0.1254,1
0.1546,0.1254,1
0.2238,0.1247,1
0.2266,0.1219,1
0.216,0.1239,1
0.2149,0.1239,1
0.1687,0.1238,1
0.1875,0.1253,1
0.1833,0.1233,1
0.1811,0.1241,1
0.1711,0.1238,1
0.2013,0.1257,1
0.204,0.1251,1
0.2029,0.124,1
0.192,0.1236,1
0.1885,0.1218,1
0.1955,0.1237,1
0.185,0.1221,1
0.1808,0.1249,1
0.189,0.1237,1
0.1955,0.1282,1
0.1841,0.1239,1
0.2202,0.123,1
0.229,0.1238,1
0.1367,0.1274,1
0.2164,0.1227,1
0.2282,0.1243,1
0.1975,0.125,1
0.1903,0.1262,1
0.2174,0.126,1
0.2188,0.123,1
0.2216,0.1246,1
0.2252,0.1229,1
0.2298,0.1238,1
0.1806,0.1237,1
0.186,0.1248,1
0.1814,0.1275,1
0.1342,0.1285,1
0.0826,0.1268,1
0.1455,0.1247,1
0.1385,0.1243,1
0.1633,0.1269,1
0.1831,0.123,1
0.1417,0.1238,1
0.1348,0.1236,1
0.1241,0.1237,1
0.1301,0.1241,1
0.1383,0.1259,1
0.1584,0.1267,1
0.1515,0.1238,1
0.1825,0.1257,1
0.1838,0.1273,1
0.2013,0.1273,1
0.1912,0.1256,1
0.1718,0.1278,1
0.1851,0.1268,1
0.2293,0.1262,1
0.2278,0.1222,1
0.1313,0.1232,1
0.1831,0.1237,1
0.1929,0.1223,1
0.202,0.125,1
0.2017,0.126,1
0.2136,0.1241,1
0.175,0.1256,1
0.1922,0.125,1
0.2067,0.1244,1
0.2198,0.1246,1
0.2093,0.1257,1
0.213,0.1269,1
0.2122,0.1252,1
0.2148,0.1287,1
0.2027,0.1265,1
0.2151,0.1265,1
0.2217,0.124,1
0.221,0.1245,1
0.2296,0.1245,1
0.2148,0.1254,1
0.2104,0.1256,1
0.1762,0.1231,1
0.2052,0.1251,1
0.2227,0.1268,1
0.2209,0.1268,1
0.2239,0.1271,1
0.2059,0.1238,1
0.1984,0.1254,1
0.2127,0.1284,1
0.2148,0.127,1
0.2138,0.1287,1
0.1771,0.1273,1
0.1283,0.1258,1
0.1644,0.1242,1
0.2096,0.1262,1
0.2141,0.1247,1
0.2088,0.1262,1
0.2093,0.1302,1
0.2145,0.1253,1
0.2028,0.1271,1
0.2009,0.1259,1
0.1927,0.1241,1
0.1586,0.1288,1
0.1955,0.1249,1
0.17,0.1267,1
0.1909,0.1285,1
0.1593,0.1249,1
0.1955,0.1259,1
0.1855,0.1266,1
0.1171,0.1254,1
0.1506,0.128,1
0.1764,0.1223,1
0.1407,0.1262,1
0.1609,0.1254,1
0.1924,0.125,1
0.0416,0.1245,1
0.1028,0.1257,1
0.1041,0.1218,1
0.1322,0.1257,1
0.1334,0.1262,1
0.138,0.1245,1
0.1386,0.1259,1
0.1764,0.1253,1
0.1407,0.1225,1
0.1586,0.1244,1
0.1172,0.125,1
0.116,0.123,1
0.1029,0.1247,1
0.0921,0.1235,1
0.1076,0.1246,1
0.1332,0.1241,1
0.1489,0.1247,1
0.1347,0.1231,1
0.1376,0.1232,1
0.1608,0.1233,1
0.1611,0.1239,1
0.0456,0.1255,1
0.1503,0.1272,1
0.1261,0.1252,1
0.1324,0.1241,1
0.152,0.1231,1
0.1571,0.1228,1
0.1698,0.1238,1
0.1653,0.1224,1
0.1794,0.1256,1
0.1702,0.1254,1
0.04,0.1241,1
0.1091,0.1229,1
0.1449,0.1237,1
0.1608,0.1264,1
0.1208,0.1244,1
0.1462,0.125,1
0.1602,0.1233,1
0.1584,0.1245,1
0.1666,0.1266,1
0.1361,0.1241,1
0.143,0.1252,1
0.149,0.1234,1
0.1424,0.127,1
0.1641,0.1242,1
0.1528,0.1252,1
0.131,0.1249,1
0.1695,0.1253,1
0.1434,0.1242,1
0.1724,0.1266,1
0.0283,0.1242,1
0.092,0.1242,1
0.1108,0.1247,1
0.1223,0.1297,1
0.1343,0.1249,1
0.1482,0.124,1
0.1555,0.1248,1
0.124,0.124,1
0.1564,0.1256,1
0.122,0.1238,1
0.1452,0.1232,1
0.1286,0.1304,1
0.1596,0.1255,1
0.1504,0.1236,1
0.1418,0.1289,1
0.1632,0.1252,1
0.1524,0.1226,1
0.1474,0.1244,1
0.182,0.1293,1
0.171,0.126,1
0.1545,0.1273,1
0.1594,0.128,1
0.1463,0.1247,1
0.1604,0.1243,1
0.1436,0.1251,1
0.1621,0.1264,1
0.1584,0.1281,1
0.1571,0.1267,1
0.1299,0.1267,1
0.1561,0.1274,1
0.1018,0.1273,1
0.1264,0.1267,1
0.1597,0.1281,1
0.1576,0.1283,1
0.1339,0.1258,1
0.1426,0.1286,1
0.1284,0.1274,1
0.1123,0.1262,1
0.1239,0.1255,1
0.1556,0.1265,1
0.1604,0.1232,1
0.1251,0.1246,1
0.1238,0.1289,1
0.1163,0.1241,1
0.1439,0.1267,1
0.1584,0.1271,1
0.1871,0.1265,1
0.1235,0.1253,1
0.1445,0.1273,1
0.16,0.1254,1
0.1546,0.1271,1
0.1552,0.1253,1
0.1628,0.1252,1
0.1496,0.1234,1
0.168,0.1225,1
0.1485,0.1256,1
0.1609,0.1276,1
0.1711,0.1234,1
0.1626,0.1252,1
0.1471,0.1246,1
0.1627,0.1234,1
0.1427,0.1264,1
0.1415,0.1235,1
0.1647,0.1235,1
0.1967,0.1233,1
0.1973,0.1292,1
0.1767,0.1261,1
0.1704,0.1273,1
0.1861,0.1276,1
0.1937,0.1247,1
0.1835,0.126,1
0.1974,0.1264,1
0.1739,0.1314,1
0.1437,0.1266,1
0.1225,0.1291,1
0.1758,0.1242,1
0.1807,0.1265,1
0.1834,0.1338,1
0.186,0.1273,1
0.1953,0.125,1
0.1966,0.1284,1
0.1761,0.1277,1
0.179,0.1274,1
0.2087,0.1255,1
0.2061,0.128,1
0.2167,0.1269,1
0.2036,0.124,1
0.1911,0.1267,1
0.1976,0.1255,1
0.1972,0.1263,1
0.2101,0.1282,1
0.2135,0.1286,1
0.222,0.1288,1
0.2214,0.1257,1
0.201,0.1239,1
0.1889,0.1259,1
0.1749,0.1304,1
0.181,0.1259,1
0.1819,0.1284,1
0.2047,0.1277,1
0.1835,0.1263,1
0.1978,0.1284,1
0.1966,0.1285,1
0.1758,0.1277,1
0.1259,0.1237,1
0.1003,0.1229,1
0.1331,0.1273,1
0.0915,0.1239,1
0.1824,0.1261,1
0.1586,0.126,1
0.1792,0.127,1
0.1773,0.1251,1
0.1866,0.1265,1
0.1719,0.1269,1
0.1022,0.1243,1
0.1096,0.1259,1
0.1318,0.1245,1
0.2022,0.1237,1
0.1878,0.1252,1
0.191,0.1231,1
0.1766,0.1291,1
0.1683,0.127,1
0.1673,0.1259,1
0.2034,0.1227,1
0.2039,0.1273,1
0.1812,0.1267,1
0.1754,0.1252,1
0.1831,0.128,1
0.1721,0.1291,1
0.1668,0.128,1
0.1817,0.1222,1
0.1774,0.1244,1
0.1466,0.1273,1
0.0928,0.128,1
0.1622,0.1287,1
0.1679,0.1243,1
0.1637,0.1238,1
0.1703,0.1273,1
0.1585,0.1265,1
0.1844,0.1251,1
0.163,0.1276,1
0.1859,0.1263,1
0.197,0.1252,1
0.1768,0.1295,1
0.1783,0.127,1
0.1711,0.1254,1
0.114,0.1284,1
0.1262,0.126,1
0.1665,0.1257,1
0.1777,0.1254,1
0.1845,0.125,1
0.1708,0.1265,1
0.1814,0.1249,1
0.1703,0.1262,1
0.1627,0.1285,1
0.1729,0.1271,1
0.18,0.125,1
0.1821,0.1241,1
0.1717,0.1269,1
0.1761,0.1261,1
0.1806,0.1284,1
0.1484,0.1288,1
0.1861,0.1288,1
0.1632,0.1277,1
0.1671,0.1267,1
0.1717,0.1303,1
0.1716,0.1304,1
0.1671,0.1254,1
0.1753,0.1303,1
0.1779,0.1245,1
0.163,0.1273,1
0.1572,0.1264,1
0.0287,0.1235,1
0.1175,0.1259,1
0.161,0.1277,1
0.1734,0.1291,1
0.1856,0.125,1
0.1822,0.1247,1
0.1352,0.1233,1
0.1573,0.1229,1
0.1799,0.1256,1
0.1728,0.1269,1
0.161,0.1278,1
0.0761,0.1269,1
0.1314,0.1263,1
0.1392,0.1251,1
0.1783,0.1231,1
0.1655,0.1259,1
0.1852,0.1247,1
0.1944,0.1246,1
0.1741,0.124,1
0.1846,0.1232,1
0.1892,0.1223,1
0.2145,0.1286,1
0.1898,0.1256,1
0.1855,0.1243,1
0.1819,0.1223,1
0.19,0.1231,1
0.1556,0.1253,1
0.1471,0.125,1
0.0729,0.1267,1
0.2222,0.1259,1
0.1514,0.1232,1
0.0749,0.124,1
0.152,0.1252,1
0.2174,0.124,1
0.1246,0.1247,1
0.1695,0.1242,1
0.1662,0.1233,1
0.1756,0.1244,1
0.1877,0.1256,1
0.1836,0.1262,1
0.1706,0.1235,1
0.1725,0.1244,1
0.1402,0.1282,1
0.1115,0.1229,1
0.1179,0.1233,1
0.103,0.1274,1
0.096,0.1225,1
0.08,0.1228,1
0.1283,0.125,1
0.1817,0.1243,1
0.1792,0.1274,1
0.1653,0.1251,1
0.1113,0.1251,1
0.1202,0.1227,1
0.1362,0.1237,1
0.1662,0.1241,1
0.1767,0.1238,1
0.1672,0.1281,1
0.177,0.1247,1
0.1747,0.1253,1
0.1559,0.1257,1
0.1799,0.1255,1
0.1668,0.1259,1
0.1849,0.1236,1
0.1594,0.126,1
0.1738,0.1245,1
0.1787,0.124,1
0.1371,0.1271,1
0.077,0.1294,1
0.1601,0.1272,1
0.1683,0.1251,1
0.167,0.127,1
0.1736,0.1293,1
0.1678,0.1308,1
0.1636,0.131,1
0.1269,0.1251,1
0.1203,0.1277,1
0.0891,0.1247,1
0.1508,0.1249,1
0.1805,0.1258,1
0.1789,0.1238,1
0.1654,0.124,1
0.1724,0.1265,1
0.164,0.1249,1
0.1644,0.1248,1
0.179,0.1247,1
0.1609,0.1263,1
0.1439,0.1272,1
0.1791,0.127,1
0.1807,0.1251,1
0.1604,0.1287,1
0.1868,0.1228,1
0.1783,0.1262,1
0.1775,0.1265,1
0.1678,0.1262,1
0.0985,0.1238,1
0.1552,0.1271,1
0.1611,0.1269,1
0.1705,0.1285,1
0.1759,0.1269,1
0.1658,0.1266,1
0.1823,0.1325,1
0.1731,0.1269,1
0.1755,0.1265,1
0.1801,0.1271,1
0.1366,0.1247,1
0.1809,0.1231,1
0.1668,0.1269,1
0.1734,0.1278,1
0.1641,0.1252,1
0.1566,0.1255,1
0.1093,0.1257,1
0.0337,0.1286,1
0.0784,0.1239,1
0.1242,0.1299,1
0.1612,0.1269,1
0.1894,0.1244,1
0.2197,0.1262,1
0.2238,0.1313,1
0.1988,0.1273,1
0.1897,0.1265,1
0.2237,0.1264,1
0.2215,0.1256,1
0.2233,0.1264,1
0.1845,0.1261,1
0.1402,0.1288,1
0.1116,0.1259,1
0.1114,0.1226,1
0.1613,0.124,1
0.1411,0.1259,1
0.1482,0.1267,1
0.1524,0.1254,1
0.144,0.1266,1
0.1333,0.1264,1
0.1964,0.1241,1
0.2061,0.1259,1
0.2105,0.1275,1
0.1983,0.1262,1
0.2019,0.1268,1
0.1922,0.1292,1
0.2016,0.1283,1
0.1984,0.1289,1
0.2055,0.1288,1
0.1688,0.1241,1
0.0688,0.1254,1
0.0978,0.1285,1
0.1049,0.1272,1
0.1099,0.1267,1
0.1184,0.127,1
0.2044,0.1274,1
0.21,0.1247,1
0.2124,0.1256,1
0.0832,0.1246,1
0.1947,0.1278,1
0.2017,0.131,1
0.1971,0.1299,1
0.198,0.1293,1
0.201,0.1299,1
0.1932,0.1278,1
0.1936,0.1279,1
0.2,0.1276,1
0.2049,0.1287,1
0.1827,0.1288,1
0.1918,0.124,1
0.2079,0.1304,1
0.1996,0.1326,1
0.1998,0.1285,1
0.2004,0.1312,1
0.2191,0.1319,1
0.2146,0.129,1
0.1947,0.1269,1
0.1892,0.1275,1
0.2001,0.1281,1
0.2106,0.1292,1
0.2044,0.1283,1
0.1924,0.1312,1
0.1752,0.1303,1
0.1332,0.1278,1
0.1699,0.1304,1
0.1824,0.1291,1
0.1811,0.13,1
0.1735,0.127,1
0.186,0.1278,1
0.1181,0.1274,1
0.0306,0.1309,1
0.1646,0.1266,1
0.1669,0.1268,1
0.1668,0.1242,1
0.17,0.1229,1
0.1819,0.142,1
0.1755,0.1209,1
0.173,0.1866,1
0.1703,0.1218,1
0.1749,0.1247,1
0.186,0.1248,1
0.1842,0.1251,1
0.1703,0.1242,1
0.1748,0.126,1
0.1799,0.1254,1
0.1744,0.1262,1
0.1655,0.125,1
0.1758,0.1238,1
0.1815,0.1231,1
0.1724,0.1218,1
0.1731,0.1262,1
0.1905,0.1245,1
0.1928,0.1224,1
0.1713,0.1246,1
0.1702,0.1231,1
0.1731,0.1245,1
0.1669,0.1244,1
0.0314,0.1247,1
0.1193,0.1228,1
0.1561,0.126,1
0.1745,0.127,1
0.1949,0.1234,1
0.1537,0.125,1
0.1611,0.1215,1
0.0828,0.1234,1
0.1335,0.1238,1
0.1324,0.1257,1
0.1228,0.1238,1
0.1465,0.1249,1
0.1512,0.1237,1
0.1453,0.1228,1
0.1481,0.1268,1
0.1728,0.1276,1
0.1593,0.1246,1
0.1518,0.1246,1
0.1625,0.1244,1
0.0937,0.1269,1
0.1621,0.124,1
0.1459,0.1222,1
0.1473,0.1269,1
0.1442,0.1265,1
0.1482,0.1234,1
0.1524,0.1244,1
0.1467,0.1238,1
0.1347,0.1231,1
0.1549,0.1248,1
0.1189,0.123,1
0.1881,0.1236,1
0.1903,0.1241,1
0.1888,0.1273,1
0.1897,0.1254,1
0.1732,0.1253,1
0.1832,0.1271,1
0.1885,0.125,1
0.1059,0.1272,1
0.21,0.125,1
0.2252,0.1259,1
0.1889,0.1274,1
0.1696,0.1279,1
0.2199,0.126,1
0.2184,0.1311,1
0.2174,0.1304,1
0.2102,0.1289,1
0.226,0.1275,1
0.2286,0.1246,1
0.2225,0.1262,1
0.1789,0.1305,1
0.2047,0.1287,1
0.2017,0.1268,1
0.1923,0.1252,1
0.1884,0.1246,1
0.1906,0.1241,1
0.1893,0.1297,1
0.1924,0.13,1
0.2019,0.13,1
0.1971,0.1274,1
0.1942,0.1251,1
0.1538,0.1297,1
0.1592,0.1301,1
0.1691,0.1271,1
0.1567,0.1308,1
0.1791,0.1264,1
0.1691,0.1264,1
0.1841,0.1237,1
0.1869,0.1256,1
0.1961,0.131,1
0.183,0.1254,1
0.1759,0.126,1
0.1632,0.1223,1
0.172,0.1243,1
0.1704,0.1288,1
0.2203,0.1248,1
0.227,0.1251,1
0.1985,0.1284,1
0.1914,0.1295,1
0.1818,0.127,1
0.2101,0.1261,1
0.2126,0.1259,1
0.1821,0.1306,1
0.2135,0.1302,1
0.2115,0.127,1
0.2033,0.1254,1
0.2043,0.1306,1
0.1634,0.1242,1
0.192,0.1269,1
0.1983,0.1272,1
0.2043,0.1311,1
0.2142,0.1281,1
0.218,0.1284,1
0.2135,0.1279,1
0.2101,0.1268,1
0.2057,0.1252,1
0.186,0.1279,1
0.1931,0.1261,1
0.1936,0.1273,1
0.2067,0.1276,1
0.2046,0.1233,1
0.2109,0.1277,1
0.1953,0.1279,1
0.1926,0.1261,1
0.0824,0.1289,1
0.1493,0.1289,1
0.1695,0.1292,1
0.1556,0.1269,1
0.1337,0.125,1
0.1627,0.1246,1
0.1729,0.1244,1
0.19,0.1276,1
0.1808,0.1271,1
0.1762,0.1264,1
0.193,0.1294,1
0.2077,0.1267,1
0.2292,0.1261,1
0.2214,0.1245,1
0.2193,0.1267,1
0.2165,0.123,1
0.2042,0.1215,1
0.175,0.1245,1
0.2078,0.1242,1
0.2056,0.1271,1
0.21,0.1264,1
0.2155,0.1254,1
0.1987,0.1246,1
0.2182,0.1257,1
0.214,0.1262,1
0.2106,0.1246,1
0.2113,0.1247,1
0.205,0.1247,1
0.2022,0.1245,1
0.2062,0.1236,1
0.2,0.1246,1
0.2111,0.1257,1
0.2102,0.1254,1
0.2056,0.1226,1
0.2093,0.1243,1
0.2083,0.125,1
0.2054,0.1252,1
0.2046,0.1242,1
0.198,0.1243,1
0.2002,0.1249,1
0.2092,0.1281,1
0.213,0.1248,1
0.2065,0.1231,1
0.1948,0.1256,1
0.1988,0.1243,1
0.1997,0.1254,1
0.2002,0.1255,1
0.1979,0.1265,1
0.202,0.126,1
0.2016,0.1273,1
0.2039,0.1276,1
0.2076,0.1239,1
0.1933,0.1241,1
0.1955,0.1257,1
0.1945,0.1272,1
0.1952,0.1233,1
0.1973,0.1256,1
0.1954,0.1272,1
0.2064,0.1252,1
0.2039,0.1238,1
0.2283,0.1235,1
0.2064,0.1268,1
0.2117,0.1276,1
0.1986,0.1278,1
0.1928,0.1268,1
0.2051,0.1248,1
0.1933,0.1253,1
0.2007,0.1262,1
0.1185,0.1248,1
0.1562,0.1237,1
0.1712,0.1292,1
0.181,0.1276,1
0.1888,0.1277,1
0.1846,0.1282,1
0.1723,0.1278,1
0.184,0.1247,1
0.1898,0.1254,1
0.1655,0.1276,1
0.1771,0.1285,1
0.1878,0.1262,1
0.1765,0.1256,1
0.174,0.127,1
0.1756,0.1253,1
0.178,0.1261,1
0.1855,0.126,1
0.187,0.126,1
0.2015,0.1285,1
0.1983,0.1265,1
0.2078,0.1256,1
0.2068,0.1251,1
0.2066,0.1285,1
0.2116,0.125,1
0.2022,0.1244,1
0.2066,0.1262,1
0.2063,0.1258,1
0.2055,0.1248,1
0.203,0.1262,1
0.1889,0.1257,1
0.1974,0.1259,1
0.1882,0.1269,1
0.194,0.1256,1
0.1648,0.1257,1
0.1671,0.1252,1
0.1912,0.1261,1
0.194,0.125,1
0.1862,0.1255,1
0.1805,0.1252,1
0.1762,0.1267,1
0.1917,0.1243,1
0.2002,0.1255,1
0.1924,0.125,1
0.208,0.1251,1
0.1953,0.1248,1
0.2211,0.1251,1
0.1987,0.1258,1
0.2069,0.1267,1
0.2089,0.1268,1
0.2122,0.1257,1
0.2118,0.1255,1
0.0929,0.1252,1
0.1525,0.1251,1
0.1865,0.1262,1
0.2,0.1245,1
0.1963,0.1259,1
0.1969,0.1253,1
0.1951,0.1261,1
0.1833,0.1242,1
0.1773,0.1263,1
0.1726,0.1254,1
0.1887,0.1259,1
0.1779,0.1256,1
0.2137,0.1248,1
0.2055,0.1262,1
0.2023,0.1257,1
0.2069,0.1263,1
0.1966,0.1263,1
0.1967,0.1244,1
0.2122,0.1279,1
0.2152,0.124,1
0.2111,0.125,1
0.1943,0.1246,1
0.1908,0.1266,1
0.1968,0.1268,1
0.1936,0.1261,1
0.1923,0.1253,1
0.1959,0.1254,1
0.1961,0.1272,1
0.1992,0.1258,1
0.1963,0.1261,1
0.1916,0.126,1
0.1959,0.1268,1
0.1883,0.1266,1
0.1935,0.1272,1
0.1967,0.1248,1
0.1876,0.1299,1
0.1937,0.1252,1
0.1904,0.1259,1
0.1993,0.1239,1
0.1993,0.1277,1
0.1841,0.1273,1
0.1939,0.1257,1
0.1934,0.1251,1
0.1928,0.1281,1
0.1854,0.1248,1
0.1932,0.1274,1
0.181,0.1271,1
0.1826,0.1288,1
0.2102,0.1242,1
0.0582,0.1216,1
0.1376,0.1252,1
0.19,0.1235,1
0.1478,0.1246,1
0.2037,0.125,1
0.1878,0.1227,1
0.1677,0.1267,1
0.1835,0.1261,1
0.2128,0.1277,1
0.1912,0.1253,1
0.1971,0.1264,1
0.2136,0.1247,1
0.2217,0.123,1
0.2164,0.1241,1
0.228,0.123,1
0.1576,0.1224,1
0.2057,0.1243,1
0.225,0.1239,1
0.2277,0.122,1
0.2294,0.1222,1
0.2147,0.1203,1
0.2196,0.1271,1
0.2264,0.1223,1
0.2163,0.1236,1
0.2163,0.121,1
0.2134,0.1219,1
0.1748,0.1219,1
0.2081,0.124,1
0.2177,0.1222,1
0.2095,0.1206,1
0.211,0.1242,1
0.2079,0.1209,1
0.2102,0.1238,1
0.222,0.1215,1
0.2117,0.1236,1
0.2211,0.1212,1
0.2173,0.1216,1
0.2181,0.1228,1
0.2229,0.1235,1
0.2169,0.122,1
0.2137,0.1206,1
0.2203,0.1212,1
0.2198,0.1224,1
0.2163,0.1225,1
0.2018,0.1223,1
0.2024,0.1211,1
0.1896,0.1223,1
0.1739,0.1218,1
0.2084,0.1225,1
0.1908,0.1222,1
0.1882,0.1219,1
0.1948,0.1239,1
0.2051,0.1199,1
0.2012,0.1216,1
0.2139,0.122,1
0.2079,0.123,1
0.2223,0.1222,1
0.2123,0.1213,1
0.2123,0.1233,1
0.2121,0.1217,1
0.2198,0.1217,1
0.2111,0.121,1
0.2073,0.1214,1
0.2224,0.1226,1
0.2244,0.1223,1
0.2285,0.1226,1
0.2294,0.1208,1
0.1435,0.1222,1
0.2201,0.1231,1
0.1027,0.1229,1
0.2299,0.1235,1
0.18,0.125,1
0.1233,0.1231,1
0.1905,0.1242,1
0.211,0.1262,1
0.1051,0.1228,1
0.2217,0.1248,1
0.0829,0.1245,1
0.1995,0.1243,1
0.1703,0.1241,1
0.1797,0.1262,1
0.2221,0.1258,1
0.2284,0.1226,1
0.1953,0.1232,1
0.0762,0.1223,1
0.217,0.1244,1
0.0827,0.1244,1
0.0989,0.1222,1
0.2291,0.1211,1
0.2263,0.122,1
0.2268,0.1227,1
0.2215,0.123,1
0.2151,0.1219,1
0.2219,0.1217,1
0.2268,0.1226,1
0.228,0.1212,1
0.2237,0.1227,1
0.2293,0.121,1
0.226,0.1206,1
0.2289,0.122,1
0.2298,0.1212,1
0.2288,0.1223,1
0.2298,0.1226,1
0.2195,0.1223,1
0.2175,0.1222,1
0.226,0.1207,1
0.2284,0.1208,1
0.094,0.1212,1
0.2288,0.1219,1
0.2162,0.1224,1
0.2162,0.1212,1
0.2076,0.1231,1
0.1081,0.122,1
0.1696,0.1237,1
0.1923,0.1244,1
0.194,0.1224,1
0.2003,0.1222,1
0.2012,0.1229,1
0.2035,0.1217,1
0.2053,0.1229,1
0.2063,0.1235,1
0.2051,0.1231,1
0.1976,0.1207,1
0.2239,0.122,1
0.1583,0.1223,1
0.2165,0.1233,1
0.221,0.1211,1
0.2002,0.1226,1
0.1997,0.1225,1
0.2065,0.1226,1
0.2104,0.1216,1
0.2052,0.123,1
0.2188,0.1209,1
0.2112,0.1237,1
0.2012,0.1253,1
0.1989,0.1225,1
0.1897,0.1221,1
0.2086,0.1225,1
0.2129,0.1215,1
0.222,0.1217,1
0.2217,0.1245,1
0.2253,0.121,1
0.2287,0.1207,1
0.2145,0.122,1
0.211,0.1216,1
0.2079,0.1223,1
0.1829,0.125,1
0.186,0.1214,1
0.2268,0.1236,1
0.2151,0.1225,1
0.2124,0.1218,1
0.1696,0.1206,1
0.0606,0.1238,1
0.1993,0.1207,1
0.2053,0.1209,1
0.208,0.1207,1
0.2034,0.1212,1
0.2077,0.1204,1
0.2054,0.1211,1
0.2106,0.1221,1
0.2103,0.1205,1
0.1852,0.123,1
0.2112,0.1216,1
0.2136,0.1201,1
0.2104,0.1223,1
0.2077,0.1213,1
0.2061,0.1221,1
0.2109,0.1216,1
0.2097,0.1219,1
0.2166,0.1216,1
0.2114,0.121,1
0.2105,0.1207,1
0.1886,0.1195,1
0.2077,0.1234,1
0.2098,0.1226,1
0.2091,0.1211,1
0.2043,0.1215,1
0.2193,0.1211,1
0.2033,0.1205,1
0.2081,0.1225,1
0.206,0.1212,1
0.2085,0.1228,1
0.2087,0.122,1
0.1861,0.1228,1
0.2101,0.1217,1
0.2101,0.1211,1
0.2062,0.1196,1
0.2038,0.1205,1
0.061,0.1222,1
0.1743,0.1242,1
0.1972,0.1224,1
0.1918,0.1208,1
0.1954,0.1235,1
0.1868,0.1227,1
0.1862,0.1216,1
0.1858,0.1236,1
0.1561,0.1231,1
0.1829,0.1227,1
0.1829,0.1229,1
0.1861,0.1227,1
0.1929,0.1225,1
0.1721,0.1218,1
0.1608,0.1215,1
0.1903,0.1237,1
0.1991,0.1238,1
0.2001,0.1211,1
0.1882,0.1228,1
0.1962,0.1222,1
0.1915,0.1199,1
0.1727,0.1198,1
0.1678,0.1218,1
0.1642,0.1218,1
0.1873,0.1221,1
0.1853,0.1226,1
0.1917,0.1202,1
0.1934,0.1213,1
0.1489,0.1233,1
0.1696,0.1211,1
0.1974,0.1211,1
0.1963,0.1225,1
0.1681,0.1212,1
0.1492,0.1239,1
0.0647,0.1234,1
0.1554,0.1224,1
0.1878,0.1219,1
0.1857,0.1209,1
0.1796,0.1227,1
0.177,0.1217,1
0.1944,0.1213,1
0.19,0.1219,1
0.18,0.121,1
0.1924,0.1211,1
0.1837,0.1206,1
0.1974,0.1211,1
0.1946,0.1203,1
0.2025,0.1206,1
0.1971,0.1213,1
0.1975,0.1223,1
0.194,0.1229,1
0.1999,0.1212,1
0.1944,0.1238,1
0.1994,0.1212,1
0.174,0.1228,1
0.1243,0.1225,1
0.1137,0.1215,1
0.2054,0.1203,1
0.1782,0.1252,1
0.2106,0.1227,1
0.2073,0.1215,1
0.214,0.123,1
0.149,0.1248,1
0.1263,0.125,1
0.1352,0.1205,1
0.1562,0.1222,1
0.214,0.1206,1
0.2151,0.1236,1
0.2104,0.1246,1
0.2158,0.1245,1
0.2281,0.121,1
0.2157,0.1192,1
0.2141,0.1219,1
0.2263,0.1203,1
0.2291,0.1206,1
0.2291,0.1205,1
0.2261,0.1203,1
0.2232,0.1206,1
0.2271,0.1224,1
0.213,0.1211,1
0.1943,0.1234,1
0.1847,0.1243,1
0.2002,0.1258,1
0.2194,0.1205,1
0.1725,0.124,1
0.1935,0.1199,1
0.2179,0.1216,1
0.222,0.1218,1
0.2126,0.122,1
0.2137,0.1217,1
0.2162,0.1219,1
0.182,0.1219,1
0.1799,0.1231,1
0.2155,0.1204,1
0.2164,0.1251,1
0.2249,0.1213,1
0.2098,0.1215,1
0.215,0.1198,1
0.2151,0.1192,1
0.0674,0.12,1
0.1564,0.1204,1
0.2027,0.1209,1
0.2078,0.1221,1
0.2138,0.1232,1
0.0808,0.1236,1
0.1997,0.1246,1
0.2168,0.125,1
0.2285,0.1211,1
0.2198,0.1247,1
0.2233,0.1219,1
0.2281,0.1238,1
0.2152,0.1238,1
0.2142,0.1221,1
0.2131,0.1224,1
0.063,0.123,1
0.1052,0.1262,1
0.1881,0.1245,1
0.1515,0.1232,1
0.0578,0.1238,1
0.1757,0.1221,1
0.1948,0.1216,1
0.1895,0.1226,1
0.0881,0.1244,1
0.1729,0.125,1
0.226,0.1237,1
0.2274,0.1243,1
0.2297,0.1224,1
0.1708,0.122,1
0.2251,0.1226,1
0.103,0.121,1
0.2266,0.1234,1
0.225,0.1238,1
0.1808,0.1217,1
0.1876,0.1239,1
0.2035,0.1227,1
0.1553,0.1251,1
0.2006,0.1242,1
0.2152,0.1233,1
0.2243,0.1221,1
0.2255,0.1239,1
0.1122,0.124,1
0.2157,0.1222,1
0.2262,0.1217,1
0.1921,0.1232,1
0.1708,0.1233,1
0.1595,0.1252,1
0.1987,0.1225,1
0.1763,0.1239,1
0.1641,0.1226,1
0.2173,0.1238,1
0.2155,0.1207,1
0.2172,0.123,1
0.216,0.1221,1
0.2176,0.1227,1
0.2193,0.1229,1
0.217,0.1234,1
0.2108,0.1229,1
0.2113,0.1226,1
0.2197,0.1241,1
0.2178,0.1219,1
0.2174,0.1226,1
0.2077,0.1211,1
0.2075,0.1232,1
0.2158,0.1229,1
0.2062,0.1252,1
0.216,0.1244,1
0.2229,0.1227,1
0.2241,0.1244,1
0.217,0.1235,1
0.2116,0.1239,1
0.2226,0.1243,1
0.2139,0.1239,1
0.2178,0.1238,1
0.2263,0.1239,1
0.2158,0.1249,1
0.2158,0.1233,1
0.2174,0.1265,1
0.2196,0.1237,1
0.2127,0.1236,1
0.2122,0.1248,1
0.2156,0.123,1
0.2161,0.1257,1
0.2188,0.1239,1
0.2176,0.1235,1
0.2167,0.1219,1
0.22,0.1236,1
0.2058,0.1228,1
0.1816,0.1209,1
0.2122,0.1242,1
0.2103,0.1211,1
0.2133,0.1239,1
0.2123,0.1232,1
0.2029,0.1217,1
0.2116,0.1204,1
0.2081,0.1211,1
0.2071,0.1233,1
0.2045,0.1216,1
0.2089,0.1225,1
0.2069,0.1213,1
0.227,0.1209,1
0.1918,0.1222,1
0.2006,0.1237,1
0.2035,0.1244,1
0.2059,0.1222,1
0.2167,0.1208,1
0.1647,0.1232,1
0.1646,0.1197,1
0.1584,0.1212,1
0.169,0.1231,1
0.1897,0.1236,1
0.2008,0.121,1
0.1247,0.1207,1
0.1758,0.1214,1
0.1881,0.1229,1
0.1625,0.1212,1
0.1616,0.1212,1
0.1945,0.1216,1
0.1981,0.1202,1
0.1601,0.1204,1
0.1909,0.1222,1
0.2054,0.1218,1
0.2001,0.1211,1
0.1962,0.1227,1
0.1905,0.1206,1
0.194,0.1218,1
0.1976,0.1196,1
0.1964,0.1208,1
0.1971,0.122,1
0.1958,0.124,1
0.1987,0.1215,1
0.1992,0.1223,1
0.208,0.1234,1
0.2039,0.1254,1
0.2002,0.1219,1
0.1905,0.1228,1
0.1941,0.123,1
0.1599,0.1239,1
0.1585,0.1231,1
0.1874,0.1226,1
0.1974,0.1207,1
0.1912,0.1239,1
0.1761,0.1214,1
0.1858,0.1218,1
0.1892,0.1216,1
0.1922,0.1225,1
0.1864,0.1217,1
0.1869,0.1217,1
0.1816,0.1234,1
0.1844,0.1211,1
0.0643,0.124,1
0.1397,0.1236,1
0.1567,0.1214,1
0.1733,0.1228,1
0.1539,0.1236,1
0.1262,0.1213,1
0.1484,0.1211,1
0.1544,0.1221,1
0.1757,0.122,1
0.1771,0.1226,1
0.1899,0.122,1
0.19,0.1237,1
0.1854,0.1217,1
0.186,0.1229,1
0.1782,0.1219,1
0.1836,0.1221,1
0.1507,0.1202,1
0.1403,0.1229,1
0.1763,0.1214,1
0.1897,0.1208,1
0.1887,0.122,1
0.1869,0.1231,1
0.1864,0.1221,1
0.1864,0.1207,1
0.1962,0.121,1
0.1892,0.1225,1
0.1892,0.1228,1
0.1966,0.122,1
0.1967,0.1241,1
0.1821,0.1237,1
0.1959,0.122,1
0.1988,0.1217,1
0.1952,0.122,1
0.1875,0.1235,1
0.1961,0.1234,1
0.1924,0.1229,1
0.1839,0.123,1
0.1954,0.1231,1
0.1925,0.1218,1
0.1925,0.1223,1
0.1808,0.1219,1
0.1454,0.124,1
0.1938,0.1214,1
0.1847,0.1215,1
0.0502,0.1252,1
0.0478,0.1225,1
0.0636,0.1228,1
0.1457,0.1211,1
0.1795,0.121,1
0.1818,0.1226,1
0.1826,0.1246,1
0.1729,0.1221,1
0.1746,0.1237,1
0.1823,0.1215,1
0.1698,0.1219,1
0.1477,0.1212,1
0.1463,0.1239,1
0.1565,0.1241,1
0.1335,0.1224,1
0.1731,0.1228,1
0.171,0.1233,1
0.1696,0.1227,1
0.1745,0.1229,1
0.1641,0.1222,1
0.1865,0.124,1
0.1553,0.122,1
0.169,0.1218,1
0.1574,0.1215,1
0.0901,0.1252,1
0.1261,0.1258,1
0.1467,0.1209,1
0.1654,0.1219,1
0.165,0.1212,1
0.0631,0.1235,1
0.1104,0.1239,1
0.1269,0.1233,1
0.1643,0.1222,1
0.1236,0.1236,1
0.0917,0.1217,1
0.1552,0.1242,1
0.1398,0.1229,1
0.1546,0.1214,1
0.1746,0.1208,1
0.1788,0.1209,1
0.2099,0.121,1
0.2082,0.1264,1
0.1984,0.1234,1
0.1982,0.1232,1
0.2038,0.1242,1
0.1868,0.1249,1
0.1786,0.1225,1
0.1764,0.1242,1
0.1521,0.1262,1
0.1207,0.1228,1
0.1307,0.1221,1
0.1445,0.1224,1
0.1732,0.1232,1
0.1699,0.124,1
0.1614,0.1227,1
0.1533,0.1211,1
0.1513,0.1253,1
0.162,0.1234,1
0.1635,0.124,1
0.1699,0.1229,1
0.1754,0.122,1
0.1598,0.1232,1
0.1625,0.1247,1
0.1521,0.1215,1
0.1309,0.1218,1
0.1252,0.1222,1
0.1302,0.1223,1
0.1869,0.1235,1
0.2175,0.1238,1
0.2079,0.1223,1
0.2059,0.1251,1
0.209,0.1231,1
0.1385,0.1228,1
0.2057,0.1237,1
0.2021,0.1239,1
0.212,0.1227,1
0.208,0.1235,1
0.2086,0.1215,1
0.1341,0.1209,1
0.1314,0.1247,1
0.1504,0.1231,1
0.1774,0.1221,1
0.1517,0.1227,1
0.1742,0.1228,1
0.1702,0.1249,1
0.1875,0.1217,1
0.188,0.124,1
0.1875,0.124,1
0.2058,0.1252,1
0.2032,0.1214,1
0.1495,0.1254,1
0.153,0.1248,1
0.1517,0.126,1
0.1877,0.1278,1
0.2053,0.126,1
0.2152,0.1237,1
0.211,0.124,1
0.1997,0.1219,1
0.2058,0.126,1
0.2084,0.1238,1
0.2091,0.1225,1
0.2131,0.1244,1
0.1508,0.1253,1
0.2054,0.1224,1
0.2062,0.1225,1
0.2044,0.1246,1
0.2003,0.1216,1
0.2013,0.1235,1
0.1994,0.1225,1
0.2065,0.123,1
0.2032,0.1204,1
0.2091,0.1196,1
0.1968,0.1187,1
0.2061,0.1203,1
0.1508,0.1199,1
0.1867,0.1215,1
0.2121,0.1218,1
0.2152,0.1229,1
0.1034,0.1261,1
0.1847,0.126,1
0.2024,0.1228,1
0.1984,0.1249,1
0.2109,0.1263,1
0.2276,0.1256,1
0.228,0.124,1
0.2183,0.1245,1
0.2264,0.1242,1
0.2271,0.1246,1
0.2204,0.1253,1
0.1819,0.1254,1
0.1695,0.1244,1
0.2076,0.1249,1
0.2177,0.1229,1
0.226,0.1242,1
0.2264,0.1253,1
0.2253,0.125,1
0.2299,0.1241,1
0.2204,0.1243,1
0.2264,0.1264,1
0.2271,0.1268,1
0.2276,0.1257,1
0.2294,0.1257,1
0.2229,0.1244,1
0.2226,0.1244,1
0.1595,0.1239,1
0.2109,0.1239,1
0.2255,0.1248,1
0.2113,0.1252,1
0.1619,0.1241,1
0.2021,0.1222,1
0.2293,0.1244,1
0.2188,0.1201,1
0.1609,0.1244,1
0.184,0.1231,1
0.2269,0.1228,1
0.2248,0.1209,1
0.2276,0.123,1
0.2274,0.123,1
0.229,0.1241,1
0.2234,0.1242,1
0.1404,0.1224,1
0.1752,0.1234,1
0.2097,0.124,1
0.227,0.1214,1
0.2229,0.1224,1
0.2148,0.1194,1
0.2276,0.1234,1
0.226,0.1209,1
0.2183,0.1217,1
0.2121,0.1232,1
0.22,0.1212,1
0.2208,0.1202,1
0.2205,0.1225,1
0.2189,0.1229,1
0.2239,0.1188,1
0.2239,0.1219,1
0.2104,0.1202,1
0.2232,0.1221,1
0.2263,0.1236,1
0.2213,0.1253,1
0.22,0.1236,1
0.0799,0.1193,1
0.2228,0.1251,1
0.2276,0.1252,1
0.2241,0.1257,1
0.2198,0.1253,1
0.2263,0.1237,1
0.215,0.1218,1
0.2155,0.124,1
0.2285,0.1251,1
0.2286,0.1229,1
0.225,0.1199,1
0.2173,0.1225,1
0.067,0.123,1
0.1693,0.1211,1
0.1092,0.1269,1
0.2256,0.1205,1
0.2068,0.1216,1
0.2048,0.1226,1
0.207,0.1232,1
0.2092,0.1231,1
0.2168,0.1232,1
0.2063,0.1231,1
0.2153,0.1226,1
0.2277,0.1235,1
0.2244,0.1217,1
0.2216,0.1207,1
0.2241,0.1216,1
0.0783,0.1234,1
0.2145,0.1217,1
0.228,0.1218,1
0.1789,0.1222,1
0.209,0.1211,1
0.2283,0.1209,1
0.2289,0.1208,1
0.2256,0.1231,1
0.2065,0.1223,1
0.2036,0.1227,1
0.2063,0.1228,1
0.2107,0.1231,1
0.2152,0.1252,1
0.2078,0.1247,1
0.1849,0.1244,1
0.1816,0.1226,1
0.1868,0.1224,1
0.1954,0.1215,1
0.2147,0.1251,1
0.186,0.1243,1
0.229,0.1232,1
0.1143,0.1241,1
0.1952,0.1247,1
0.1774,0.1245,1
0.2022,0.1217,1
0.2291,0.1226,1
0.228,0.1237,1
0.2274,0.1247,1
0.2239,0.1228,1
0.2237,0.1234,1
0.2268,0.1207,1
0.2284,0.1234,1
0.2288,0.1219,1
0.2261,0.1229,1
0.2282,0.1214,1
0.226,0.1223,1
0.2274,0.1212,1
0.2292,0.122,1
0.2265,0.1238,1
0.2117,0.1239,1
0.2225,0.1222,1
0.2094,0.1233,1
0.2275,0.125,1
0.2221,0.1224,1
0.2205,0.123,1
0.2167,0.1223,1
0.2233,0.1245,1
0.2273,0.124,1
0.2283,0.1213,1
0.2132,0.1244,1
0.2234,0.1259,1
0.2113,0.1242,1
0.2135,0.1208,1
0.2194,0.1219,1
0.2208,0.1224,1
0.2022,0.1195,1
0.189,0.122,1
0.2095,0.1217,1
0.1989,0.121,1
0.1911,0.1218,1
0.2,0.1206,1
0.1972,0.1203,1
0.1941,0.1221,1
0.1899,0.1222,1
0.1926,0.1215,1
0.1916,0.1216,1
0.1942,0.122,1
0.2093,0.1236,1
0.2134,0.1225,1
0.2197,0.1219,1
0.2179,0.1233,1
0.217,0.1209,1
0.2015,0.1216,1
0.2058,0.1233,1
0.2067,0.1208,1
0.218,0.1239,1
0.2144,0.1215,1
0.2129,0.1227,1
0.222,0.1222,1
0.2117,0.1221,1
0.2097,0.122,1
0.2108,0.1224,1
0.2122,0.1217,1
0.2191,0.1233,1
0.221,0.1202,1
0.1462,0.1226,1
0.1864,0.1219,1
0.2089,0.1215,1
0.2108,0.1222,1
0.2081,0.1226,1
0.2147,0.1208,1
0.1723,0.1214,1
0.2058,0.1233,1
0.205,0.121,1
0.1875,0.1222,1
0.1706,0.1232,1
0.1549,0.121,1
0.1663,0.1223,1
0.1695,0.1221,1
0.2298,0.1216,1
0.2209,0.1224,1
0.222,0.1224,1
0.2183,0.1203,1
0.2195,0.1214,1
0.2208,0.1239,1
0.2255,0.1208,1
0.2204,0.1214,1
0.2272,0.1234,1
0.2295,0.1226,1
0.2209,0.1215,1
0.2201,0.1215,1
0.2169,0.121,1
0.199,0.1221,1
0.2148,0.1223,1
0.2232,0.1201,1
0.2182,0.1198,1
0.2182,0.121,1
0.2098,0.1227,1
0.2139,0.123,1
0.2086,0.1216,1
0.2076,0.1218,1
0.222,0.1242,1
0.218,0.1224,1
0.2279,0.1201,1
0.2188,0.1216,1
0.2229,0.121,1
0.2289,0.1212,1
0.218,0.1205,1
0.2202,0.1206,1
0.2171,0.1203,1
0.2195,0.1206,1
0.2288,0.1199,1
0.2117,0.1206,1
0.2068,0.121,1
0.214,0.1221,1
0.2088,0.119,1
0.2148,0.122,1
0.2086,0.1207,1
0.2103,0.1223,1
0.1868,0.121,1
0.1986,0.1222,1
0.2028,0.1213,1
0.2028,0.1228,1
0.1989,0.1212,1
0.2072,0.1235,1
0.1854,0.1242,1
0.2068,0.1217,1
0.2016,0.1229,1
0.2095,0.1226,1
0.2088,0.1226,1
0.1522,0.1231,1
0.1752,0.1243,1
0.1935,0.1226,1
0.1894,0.1229,1
0.1863,0.1258,1
0.1954,0.1214,1
0.1893,0.1224,1
0.1917,0.124,1
0.1904,0.1226,1
0.1956,0.1259,1
0.097,0.1241,1
0.1605,0.1226,1
0.173,0.1245,1
0.2016,0.1244,1
0.0917,0.1238,1
0.2084,0.1223,1
0.2082,0.123,1
0.2057,0.1232,1
0.2128,0.1227,1
0.2075,0.1236,1
0.2105,0.1213,1
0.2083,0.1243,1
0.2019,0.1233,1
0.2145,0.1231,1
0.2144,0.1213,1
0.2183,0.1203,1
0.2116,0.123,1
0.228,0.1231,1
0.2176,0.1223,1
0.2132,0.1234,1
0.2174,0.121,1
0.2163,0.123,1
0.2178,0.1216,1
0.2129,0.1225,1
0.2203,0.1205,1
0.1327,0.1219,1
0.2069,0.1222,1
0.209,0.1222,1
0.2087,0.1211,1
0.2154,0.1213,1
0.2276,0.1254,1
0.2264,0.1225,1
0.2245,0.1246,1
0.2251,0.1258,1
0.2262,0.1243,1
0.228,0.1251,1
0.2275,0.1255,1
0.2271,0.126,1
0.2271,0.1236,1
0.2235,0.1241,1
0.222,0.1266,1
0.2244,0.1252,1
0.2299,0.1251,1
0.2267,0.1256,1
0.0927,0.1265,1
0.2135,0.1239,1
0.218,0.1247,1
0.2169,0.1198,1
0.0618,0.1199,1
0.1699,0.1218,1
0.2007,0.1218,1
0.2006,0.1214,1
0.2039,0.1207,1
0.2103,0.1228,1
0.2201,0.1207,1
0.2282,0.1216,1
0.2212,0.1217,1
0.2298,0.1226,1
0.2216,0.12,1
0.2185,0.1214,1
0.2248,0.1237,1
0.2151,0.1235,1
0.2287,0.1214,1
0.2245,0.1223,1
0.2271,0.123,1
0.0603,0.1218,1
0.173,0.1212,1
0.2068,0.122,1
0.2186,0.1222,1
0.2074,0.1211,1
0.2132,0.1227,1
0.1659,0.1218,1
0.1675,0.1221,1
0.2016,0.1241,1
0.2087,0.1243,1
0.212,0.1225,1
0.2132,0.1263,1
0.2075,0.12,1
0.2144,0.1224,1
0.2143,0.1202,1
0.1857,0.1235,1
0.2093,0.1225,1
0.2271,0.1223,1
0.2168,0.1211,1
0.2106,0.1207,1
0.2176,0.1212,1
0.2144,0.1223,1
0.2114,0.1211,1
0.223,0.1228,1
0.2175,0.1207,1
0.2143,0.1235,1
0.2246,0.1213,1
0.2194,0.1248,1
0.2057,0.122,1
0.1811,0.1213,1
0.2221,0.121,1
0.2198,0.1222,1
0.228,0.1226,1
0.219,0.1229,1
0.2175,0.1211,1
0.213,0.1197,1
0.2259,0.1206,1
0.2174,0.1215,1
0.2206,0.1202,1
0.2168,0.1238,1
0.1908,0.1201,1
0.2143,0.1224,1
0.2238,0.121,1
0.2226,0.12,1
0.2287,0.1204,1
0.2174,0.1203,1
0.2199,0.1232,1
0.2214,0.1203,1
0.2221,0.1221,1
0.2225,0.1224,1
0.2113,0.1211,1
0.2078,0.1201,1
0.2212,0.1198,1
0.2181,0.1224,1
0.2226,0.1212,1
0.2247,0.1219,1
0.2031,0.1211,1
0.2207,0.1227,1
0.2211,0.1206,1
0.2246,0.121,1
0.2243,0.1216,1
0.2226,0.1208,1
0.2265,0.1198,1
0.2162,0.1216,1
0.2199,0.1218,1
0.2142,0.1212,1
0.2224,0.1215,1
0.2165,0.1222,1
0.2188,0.1205,1
0.2164,0.1225,1
0.2129,0.1218,1
0.2112,0.1213,1
0.2142,0.1225,1
0.2121,0.1241,1
0.2133,0.1208,1
0.1816,0.1225,1
0.2065,0.1237,1
0.1953,0.1251,1
0.2117,0.122,1
0.2065,0.121,1
0.1858,0.1223,1
0.072,0.1213,1
0.2019,0.1221,1
0.1885,0.127,1
0.189,0.1224,1
0.2232,0.122,1
0.1956,0.1214,1
0.2193,0.1207,1
0.2242,0.1225,1
0.2126,0.1236,1
0.1963,0.1222,1
0.2007,0.1216,1
0.1985,0.123,1
0.1925,0.1216,1
0.1878,0.1256,1
0.1781,0.1231,1
0.1862,0.1218,1
0.1764,0.1251,1
0.1682,0.1222,1
0.1808,0.1224,1
0.1847,0.1229,1
0.203,0.1232,1
0.2111,0.1222,1
0.2126,0.1222,1
0.2193,0.1222,1
0.2064,0.123,1
0.1901,0.1225,1
0.1968,0.1244,1
0.2062,0.1224,1
0.2038,0.1227,1
0.2176,0.1222,1
0.1872,0.1252,1
0.2281,0.1252,1
0.2032,0.1254,1
0.1948,0.1258,1
0.2274,0.1244,1
0.2124,0.1215,1
0.2101,0.1268,1
0.2294,0.124,1
0.0907,0.1228,1
0.1984,0.1262,1
0.1702,0.1245,1
0.2035,0.1246,1
0.2257,0.124,1
0.2255,0.126,1
0.2202,0.1267,1
0.2254,0.1254,1
0.1244,0.1241,1
0.205,0.1273,1
0.2219,0.1255,1
0.2281,0.1242,1
0.2227,0.1276,1
0.2206,0.1265,1
0.2238,0.1269,1
0.2266,0.1256,1
0.1958,0.1254,1
0.219,0.1252,1
0.2293,0.1244,1
0.2245,0.1251,1
0.2244,0.1243,1
0.2233,0.1279,1
0.2262,0.1264,1
0.2135,0.1256,1
0.1795,0.1255,1
0.1695,0.1264,1
0.2177,0.1249,1
0.2172,0.1251,1
0.2288,0.1253,1
0.2236,0.1282,1
0.2243,0.1274,1
0.2274,0.1249,1
0.2275,0.1256,1
0.2188,0.1247,1
0.2278,0.1257,1
0.2284,0.1259,1
0.1894,0.1256,1
0.1857,0.1259,1
0.2123,0.125,1
0.1959,0.1245,1
0.1915,0.1238,1
0.1971,0.124,1
0.2199,0.1259,1
0.2149,0.1225,1
0.2293,0.1216,1
0.2222,0.1264,1
0.2198,0.1249,1
0.2191,0.128,1
0.2218,0.1263,1
0.2299,0.1239,1
0.2291,0.1252,1
0.2295,0.1228,1
0.146,0.1246,1
0.117,0.1244,1
0.2165,0.1249,1
0.2258,0.1228,1
0.2209,0.1244,1
0.2262,0.124,1
0.228,0.1261,1
0.2287,0.1231,1
0.2287,0.1255,1
0.219,0.1234,1
0.2147,0.1249,1
0.1873,0.1249,1
0.2101,0.1218,1
0.219,0.1202,1
0.2221,0.1245,1
0.2065,0.1253,1
0.2097,0.1249,1
0.2275,0.1204,1
0.2235,0.1226,1
0.2143,0.1205,1
0.2286,0.1227,1
0.2212,0.121,1
0.2184,0.121,1
0.2146,0.1243,1
0.2233,0.123,1
0.2216,0.122,1
0.2139,0.1217,1
0.1723,0.122,1
0.2031,0.1236,1
0.0492,0.1212,1
0.1718,0.1214,1
0.2027,0.1215,1
0.2074,0.1213,1
0.2053,0.1208,1
0.2199,0.1225,1
0.2176,0.1211,1
0.2118,0.1234,1
0.1321,0.1227,1
0.1826,0.1211,1
0.2077,0.1211,1
0.2055,0.123,1
0.2241,0.1228,1
0.2257,0.1244,1
0.2212,0.1224,1
0.21,0.1239,1
0.2036,0.1207,1
0.2268,0.1216,1
0.2047,0.1202,1
0.2117,0.1226,1
0.2182,0.1228,1
0.2148,0.1229,1
0.2043,0.1212,1
0.209,0.1215,1
0.2058,0.1215,1
0.2075,0.121,1
0.2194,0.1232,1
0.2181,0.1229,1
0.147,0.121,1
0.1732,0.1226,1
0.1201,0.1209,1
0.1805,0.1218,1
0.1971,0.1232,1
0.0528,0.1207,1
0.1609,0.1216,1
0.1937,0.1222,1
0.2044,0.1227,1
0.2036,0.1226,1
0.1995,0.1222,1
0.2101,0.1212,1
0.2061,0.122,1
0.2059,0.1198,1
0.2023,0.1215,1
0.1972,0.1224,1
0.2151,0.1216,1
0.2645,0.1221,0
0.2547,0.1236,0
0.2748,0.1279,0
0.3188,0.1246,0
0.3435,0.1247,0
0.2986,0.1246,0
0.3042,0.1293,0
0.3115,0.127,0
0.3131,0.1254,0
0.2915,0.1283,0
0.3072,0.1237,0
0.2769,0.1271,0
0.3281,0.1455,0
0.2713,0.1252,0
0.3124,0.1234,0
0.3169,0.1258,0
0.2822,0.1254,0
0.3025,0.1219,0
0.2739,0.1297,0
0.3017,0.1243,0
0.2743,0.1261,0
0.282,0.1233,0
0.2975,0.1266,0
0.2918,0.1279,0
0.2653,0.1293,0
0.2964,0.129,0
0.2825,0.1294,0
0.2798,0.1248,0
0.3388,0.1275,0
0.3111,0.1287,0
0.2851,0.1268,0
0.2889,0.1266,0
0.3015,0.1245,0
0.2835,0.1259,0
0.3003,0.1257,0
0.2864,0.1283,0
0.1906,0.1244,0
0.2771,0.1283,0
0.2758,0.1237,0
0.2759,0.1292,0
0.2001,0.1253,0
0.2722,0.1268,0
0.2631,0.1265,0
0.265,0.1263,0
0.2842,0.1301,0
0.2908,0.1398,0
0.2582,0.13,0
0.2576,0.128,0
0.2703,0.1269,0
0.2996,0.1266,0
0.1688,0.1276,0
0.3285,0.1273,0
0.3073,0.1295,0
0.3391,0.1256,0
0.3007,0.1225,0
0.3016,0.126,0
0.3047,0.1225,0
0.3213,0.1253,0
0.2857,0.1263,0
0.2856,0.1269,0
0.2817,0.1265,0
0.2591,0.1245,0
0.2842,0.1267,0
0.2933,0.127,0
0.3072,0.1268,0
0.3136,0.1271,0
0.3299,0.1245,0
0.2978,0.132,0
0.3022,0.127,0
0.2775,0.1269,0
0.2695,0.1246,0
0.269,0.1271,0
0.2943,0.1222,0
0.2832,0.1265,0
0.2721,0.1252,0
0.2632,0.1289,0
0.2638,0.129,0
0.2673,0.126,0
0.2796,0.1264,0
0.249,0.1264,0
0.2878,0.1279,0
0.2795,0.1242,0
0.2718,0.1279,0
0.3066,0.1276,0
0.2685,0.1277,0
0.3135,0.1273,0
0.2747,0.1274,0
0.3251,0.1257,0
0.294,0.1238,0
0.2791,0.126,0
0.3017,0.1277,0
0.309,0.1236,0
0.2404,0.1475,0
0.2438,0.1332,0
0.2611,0.1277,0
0.4318,0.1284,0
0.2648,0.1289,0
0.2461,0.1259,0
0.2528,0.1256,0
0.3084,0.1295,0
0.2714,0.1293,0
0.3049,0.1257,0
0.2706,0.1259,0
0.2531,0.128,0
0.2887,0.1297,0
0.3562,0.1275,0
0.2937,0.1338,0
0.2949,0.1254,0
0.2867,0.1269,0
0.3005,0.1263,0
0.3203,0.1248,0
0.335,0.1257,0
0.3291,0.1244,0
0.2908,0.127,0
0.385,0.129,0
0.3042,0.126,0
0.3276,0.1279,0
0.3139,0.126,0
0.2946,0.1256,0
0.3248,0.1256,0
0.3043,0.1275,0
0.3087,0.1232,0
0.2757,0.1276,0
0.2969,0.1279,0
0.3021,0.1255,0
0.2786,0.1253,0
0.2754,0.1328,0
0.2781,0.1257,0
0.285,0.1279,0
0.3018,0.1266,0
0.2723,0.127,0
0.2844,0.1268,0
0.2993,0.1279,0
0.2898,0.1283,0
0.3073,0.1261,0
0.2739,0.1268,0
0.2675,0.1271,0
0.2689,0.1282,0
0.2618,0.1263,0
0.2725,0.1293,0
0.2747,0.1257,0
0.2771,0.1275,0
0.2869,0.127,0
0.2807,0.1216,0
0.2947,0.1253,0
0.3006,0.1208,0
0.2992,0.1231,0
0.2994,0.1279,0
0.3027,0.1264,0
0.2718,0.1279,0
0.2873,0.1248,0
0.318,0.1269,0
0.3203,0.1242,0
0.2975,0.125,0
0.3207,0.1266,0
0.2936,0.1262,0
0.3024,0.1205,0
0.2952,0.123,0
0.2924,0.1253,0
0.2796,0.1198,0
0.295,0.1695,0
0.2586,0.1155,0
0.257,0.1167,0
0.2753,0.1169,0
0.2774,0.1158,0
0.2617,0.1186,0
0.2909,0.1229,0
0.2631,0.1298,0
0.2709,0.1282,0
0.2734,0.1309,0
0.3028,0.1241,0
0.2845,0.1249,0
0.2666,0.1267,0
0.2984,0.1254,0
0.2629,0.1235,0
0.2495,0.1264,0
0.2452,0.1233,0
0.2524,0.1249,0
0.2313,0.1253,0
0.2414,0.126,0
0.2492,0.1259,0
0.2463,0.127,0
0.2519,0.1268,0
0.2503,0.1268,0
0.2636,0.1263,0
0.2536,0.1235,0
0.2037,0.1242,0
0.2542,0.124,0
0.2552,0.1227,0
0.2614,0.1182,0
0.2482,0.121,0
0.2645,0.1236,0
0.2634,0.1251,0
0.2544,0.1243,0
0.251,0.1258,0
0.2406,0.1255,0
0.2489,0.1257,0
0.2604,0.1275,0
0.251,0.1278,0
0.2595,0.1259,0
0.2529,0.1294,0
0.2572,0.1252,0
0.2753,0.1276,0
0.2616,0.1277,0
0.2515,0.1262,0
0.2567,0.1258,0
0.2597,0.1254,0
0.2541,0.1255,0
0.1774,0.127,0
0.2637,0.1251,0
0.281,0.1261,0
0.2604,0.1249,0
0.2979,0.126,0
0.257,0.1257,0
0.2655,0.1259,0
0.2626,0.1252,0
0.2564,0.1264,0
0.2643,0.1266,0
0.2519,0.1264,0
0.2545,0.1256,0
0.2497,0.1258,0
0.2612,0.1269,0
0.2618,0.1258,0
0.2421,0.1257,0
0.2628,0.1258,0
0.2969,0.1272,0
0.2585,0.1241,0
0.2411,0.1251,0
0.2692,0.1259,0
0.2839,0.1259,0
0.2614,0.1258,0
0.2588,0.1271,0
0.2707,0.1263,0
0.2913,0.1269,0
0.2647,0.1198,0
0.2592,0.1252,0
0.2753,0.1237,0
0.3005,0.1233,0
0.2967,0.1275,0
0.2722,0.1259,0
0.2651,0.1276,0
0.2965,0.1255,0
0.2947,0.1247,0
0.282,0.1251,0
0.2771,0.1271,0
0.2756,0.1298,0
0.2532,0.1259,0
0.3573,0.1271,0
0.2838,0.1256,0
0.2824,0.1235,0
0.3042,0.1264,0
0.2815,0.1256,0
0.2541,0.1275,0
0.2369,0.1218,0
0.2605,0.124,0
0.2692,0.1271,0
0.2811,0.1251,0
0.2496,0.127,0
0.2473,0.1225,0
0.2798,0.1235,0
0.2748,0.1252,0
0.2783,0.1242,0
0.2486,0.1225,0
0.3005,0.1261,0
0.2983,0.1243,0
0.2952,0.1249,0
0.2754,0.1218,0
0.2673,0.126,0
0.2669,0.1231,0
0.2945,0.1265,0
0.2857,0.1267,0
0.2583,0.1242,0
0.2692,0.1249,0
0.1753,0.1247,0
0.2681,0.1229,0
0.2744,0.1259,0
0.262,0.1248,0
0.2702,0.1214,0
0.266,0.1279,0
0.2722,0.1276,0
0.2755,0.1249,0
0.2917,0.126,0
0.3054,0.1262,0
0.2765,0.1258,0
0.2921,0.1244,0
0.2614,0.126,0
0.2815,0.1263,0
0.2857,0.1236,0
0.2939,0.1258,0
0.279,0.1233,0
0.2822,0.1257,0
0.2921,0.1224,0
0.2856,0.1277,0
0.2932,0.1264,0
0.2895,0.1262,0
0.2945,0.1252,0
0.2636,0.1255,0
0.2763,0.1251,0
0.274,0.1264,0
0.2978,0.1274,0
0.3221,0.124,0
0.2956,0.1245,0
0.2761,0.1251,0
0.2827,0.1257,0
0.2683,0.1247,0
0.2685,0.1232,0
0.2818,0.1241,0
0.2698,0.1255,0
0.2668,0.1219,0
0.3066,0.1235,0
0.2935,0.1257,0
0.2831,0.1266,0
0.2868,0.1254,0
0.2986,0.1274,0
0.2867,0.1262,0
0.301,0.1265,0
0.2843,0.1268,0
0.2959,0.1251,0
0.2824,0.125,0
0.3033,0.126,0
0.3018,0.128,0
0.306,0.1227,0
0.2931,0.1255,0
0.3678,0.1261,0
0.2724,0.1284,0
0.2912,0.1276,0
0.2529,0.1286,0
0.3027,0.127,0
0.3015,0.1247,0
0.2874,0.1242,0
0.2911,0.1216,0
0.2808,0.1276,0
0.2388,0.1252,0
0.2776,0.1247,0
0.2829,0.1262,0
0.2772,0.1272,0
0.1846,0.1269,0
0.2587,0.1259,0
0.2614,0.1276,0
0.2934,0.126,0
0.2785,0.1256,0
0.2513,0.1261,0
0.3024,0.123,0
0.287,0.127,0
0.2862,0.1261,0
0.3001,0.1288,0
0.2376,0.1244,0
0.2495,0.1252,0
0.2757,0.1262,0
0.2833,0.1265,0
0.29,0.1244,0
0.2794,0.1251,0
0.2764,0.1274,0
0.2774,0.1237,0
0.27,0.127,0
0.2721,0.1272,0
0.302,0.1252,0
0.2819,0.1254,0
0.2517,0.1279,0
0.2609,0.1253,0
0.2589,0.1242,0
0.2727,0.1278,0
0.2713,0.1238,0
0.1019,0.1254,0
0.269,0.1247,0
0.2947,0.1249,0
0.2904,0.1268,0
0.2842,0.126,0
0.2646,0.1251,0
0.2714,0.1256,0
0.2788,0.1283,0
0.2799,0.1272,0
0.2762,0.1281,0
0.2697,0.1258,0
0.2705,0.1249,0
0.282,0.1251,0
0.282,0.1242,0
0.2924,0.1277,0
0.2656,0.1254,0
0.2671,0.125,0
0.2468,0.1249,0
0.2584,0.127,0
0.2687,0.1229,0
0.2634,0.1248,0
0.2654,0.129,0
0.2681,0.1278,0
0.2775,0.125,0
0.2606,0.1249,0
0.25,0.126,0
0.2745,0.125,0
0.2846,0.1269,0
0.2774,0.1268,0
0.2496,0.1238,0
0.1766,0.1243,0
0.2281,0.1263,0
0.2916,0.1262,0
0.2976,0.1256,0
0.299,0.1243,0
0.2377,0.1258,0
0.2868,0.1267,0
0.2797,0.1261,0
0.2918,0.1265,0
0.2679,0.1278,0
0.2855,0.1279,0
0.2905,0.1239,0
0.2923,0.1249,0
0.2908,0.1278,0
0.302,0.1253,0
0.2733,0.1256,0
0.2806,0.1276,0
0.2769,0.1263,0
0.2825,0.1276,0
0.2953,0.1256,0
0.2855,0.1232,0
0.2818,0.1259,0
0.2538,0.1283,0
0.2719,0.125,0
0.2609,0.1256,0
0.1421,0.1264,0
0.2858,0.1263,0
0.3012,0.1261,0
0.2672,0.1221,0
0.2963,0.1261,0
0.2721,0.1271,0
0.2673,0.1243,0
0.2834,0.126,0
0.299,0.1256,0
0.2565,0.1355,0
0.2569,0.1238,0
0.273,0.126,0
0.2895,0.1246,0
0.3005,0.1307,0
0.1983,0.1263,0
0.2519,0.126,0
0.2517,0.127,0
0.2898,0.1242,0
0.2682,0.1251,0
0.2591,0.1262,0
0.2592,0.1276,0
0.2892,0.1246,0
0.2619,0.1277,0
0.2547,0.1247,0
0.2518,0.1289,0
0.2677,0.1218,0
0.2583,0.1216,0
0.2803,0.1264,0
0.2869,0.1263,0
0.2913,0.1276,0
0.2794,0.1249,0
0.2915,0.1282,0
0.2939,0.1246,0
0.3071,0.1271,0
0.2427,0.1252,0
0.2741,0.126,0
0.2942,0.124,0
0.2854,0.1275,0
0.2808,0.1275,0
0.2751,0.1262,0
0.2748,0.1227,0
0.2914,0.1256,0
0.274,0.1254,0
0.2749,0.1256,0
0.2853,0.1243,0
0.2638,0.1254,0
0.279,0.1258,0
0.2855,0.1255,0
0.2587,0.1263,0
0.2749,0.1257,0
0.2561,0.1249,0
0.27,0.1253,0
0.2724,0.1242,0
0.2705,0.1271,0
0.3072,0.1251,0
0.2779,0.1277,0
0.2783,0.1253,0
0.2526,0.1248,0
0.2688,0.1288,0
0.2906,0.1269,0
0.2743,0.1288,0
0.2865,0.1258,0
0.2505,0.1248,0
0.2709,0.1266,0
0.2641,0.1257,0
0.2978,0.124,0
0.2968,0.1293,0
0.2849,0.1281,0
0.2706,0.1277,0
0.2704,0.1256,0
0.2784,0.1248,0
0.2702,0.1285,0
0.2746,0.1287,0
0.2964,0.1263,0
0.2816,0.1284,0
0.2673,0.1275,0
0.2811,0.1273,0
0.2673,0.1235,0
0.2544,0.1219,0
0.2638,0.1266,0
0.2937,0.1236,0
0.2578,0.1261,0
0.2627,0.1252,0
0.2085,0.1289,0
0.2928,0.1239,0
0.24,0.1245,0
0.2685,0.1267,0
0.2362,0.1269,0
0.2151,0.1275,0
0.2795,0.1266,0
0.2339,0.1288,0
0.2608,0.1269,0
0.2512,0.1229,0
0.0834,0.1205,1
0.0813,0.1217,1
0.0613,0.12,1
0.0776,0.1204,1
0.2027,0.1216,1
0.0421,0.1211,1
0.0948,0.1201,1
0.046,0.1217,1
0.2056,0.1198,1
0.11,0.1216,1
0.0657,0.1203,1
0.2039,0.1225,1
0.0821,0.1247,1
0.1729,0.1214,1
0.1536,0.1224,1
0.1932,0.1217,1
0.1009,0.122,1
0.178,0.1229,1
0.0504,0.1212,1
0.096,0.1225,1
0.1238,0.1224,1
0.2195,0.1215,1
0.0901,0.1221,1
0.203,0.1237,1
0.0617,0.1225,1
0.0734,0.1212,1
0.11,0.1258,1
0.1972,0.1216,1
0.1395,0.1207,1
0.0932,0.1206,1
0.2166,0.1225,1
0.0916,0.121,1
0.2228,0.1209,1
0.16,0.1203,1
0.1566,0.1216,1
0.1358,0.1216,1
0.0854,0.1214,1
0.2105,0.1217,1
0.0913,0.1212,1
0.1773,0.1214,1
0.0748,0.122,1
0.0627,0.1211,1
0.2195,0.1204,1
0.1344,0.1191,1
0.1328,0.1203,1
0.0575,0.1185,1
0.2189,0.1235,1
0.1056,0.123,1
0.2133,0.1226,1
0.2034,0.1209,1
0.0752,0.1204,1
0.2038,0.1205,1
0.1493,0.1207,1
0.2235,0.1224,1
0.0816,0.121,1
0.0719,0.1221,1
0.0884,0.1212,1
0.1914,0.1204,1
0.1167,0.1221,1
0.2077,0.1204,1
0.0748,0.1218,1
0.1479,0.1207,1
0.1003,0.1208,1
0.0659,0.1217,1
0.077,0.1222,1
0.063,0.122,1
0.0742,0.1214,1
0.1296,0.1208,1
0.0481,0.12,1
0.0961,0.1234,1
0.1132,0.1245,1
0.1233,0.126,1
0.15,0.1216,1
0.2014,0.146,1
0.1583,0.1183,1
0.1866,0.1246,1
0.065,0.152,1
0.168,0.1218,1
0.1796,0.1231,1
0.1768,0.1249,1
0.1315,0.1249,1
0.2166,0.1234,1
0.221,0.1261,1
0.1482,0.1301,1
0.148,0.1255,1
0.1619,0.1258,1
0.2294,0.1269,1
0.0422,0.1239,1
0.0243,0.1267,1
0.2176,0.1225,1
0.2278,0.1264,1
0.2269,0.1276,1
0.2153,0.1259,1
0.2192,0.127,1
0.22,0.1242,1
0.2267,0.1222,1
0.2234,0.1261,1
0.2198,0.1266,1
0.192,0.1292,1
0.2247,0.1279,1
0.2287,0.1295,1
0.2282,0.1269,1
0.228,0.1255,1
0.2128,0.1235,1
0.2258,0.1255,1
0.2295,0.1241,1
0.2011,0.1246,1
0.207,0.129,1
0.2055,0.1277,1
0.2293,0.1279,1
0.1988,0.1272,1
0.215,0.1261,1
0.2176,0.1225,1
0.226,0.1238,1
0.213,0.1271,1
0.2205,0.1268,1
0.1996,0.1261,1
0.2295,0.1266,1
0.2196,0.128,1
0.2088,0.1278,1
0.2281,0.1244,1
0.1127,0.1226,1
0.228,0.1266,1
0.2175,0.1267,1
0.216,0.1284,1
0.2233,0.126,1
0.2015,0.1218,1
0.2125,0.1245,1
0.2061,0.1249,1
0.2255,0.1265,1
0.1863,0.1295,1
0.2218,0.1271,1
0.2286,0.1278,1
0.207,0.1274,1
0.228,0.1281,1
0.2267,0.1326,1
0.2166,0.1304,1
0.2224,0.1291,1
0.2204,0.1259,1
0.2272,0.1245,1
0.2151,0.1227,1
0.2296,0.1235,1
0.2276,0.1285,1
0.229,0.1252,1
0.1865,0.1302,1
0.2194,0.1199,1
0.2214,0.1189,1
0.2276,0.1209,1
0.2243,0.1197,1
0.2298,0.126,1
0.2218,0.1197,1
0.2273,0.1202,1
0.2286,0.1191,1
0.2221,0.1211,1
0.2296,0.128,1
0.2227,0.1232,1
0.2292,0.1228,1
0.2296,0.1317,1
0.2243,0.1313,1
0.2187,0.1215,1
0.2059,0.1212,1
0.1838,0.1244,1
0.0459,0.1262,1
0.2267,0.1267,1
0.1989,0.1249,1
0.2146,0.1251,1
0.2042,0.1285,1
0.2283,0.1239,1
0.2233,0.1241,1
0.2145,0.1262,1
0.2244,0.1219,1
0.2245,0.1223,1
0.2027,0.1252,1
0.2208,0.1234,1
0.223,0.1247,1
0.2287,0.1242,1
0.0434,0.125,1
0.2268,0.1251,1
0.2261,0.1253,1
0.2242,0.1288,1
0.1366,0.1255,1
0.2239,0.1265,1
0.2255,0.1221,1
0.1883,0.1319,1
0.2278,0.1302,1
0.2258,0.1298,1
0.2144,0.1309,1
0.2292,0.1292,1
0.2234,0.1246,1
0.2111,0.1252,1
0.2289,0.1304,1
0.206,0.1267,1
0.2289,0.1278,1
0.2241,0.1271,1
0.2289,0.1272,1
0.2261,0.1247,1
0.0394,0.1253,1
0.225,0.1252,1
0.2226,0.1249,1
0.2298,0.1252,1
0.2224,0.1257,1
0.2211,0.1249,1
0.2286,0.1246,1
0.2252,0.1264,1
0.0467,0.1267,1
0.2184,0.1267,1
0.2196,0.1267,1
0.2267,0.1268,1
0.2129,0.1293,1
0.2207,0.1278,1
0.2285,0.1273,1
0.2262,0.1312,1
0.2298,0.1261,1
0.2176,0.129,1
0.2255,0.1299,1
0.2225,0.1272,1
0.2209,0.1261,1
0.2203,0.1277,1
0.1874,0.127,1
0.2215,0.128,1
0.2284,0.1275,1
0.2266,0.1291,1
0.2002,0.1231,1
0.0407,0.1225,1
0.0365,0.123,1
0.2207,0.1235,1
0.2228,0.1232,1
0.2271,0.1239,1
0.2264,0.1213,1
0.2259,0.1244,1
0.2278,0.1231,1
0.2264,0.1277,1
0.2285,0.1259,1
0.2275,0.1264,1
0.2278,0.1294,1
0.2263,0.1253,1
0.1684,0.1252,1
0.2194,0.1227,1
0.2243,0.122,1
0.2201,0.1219,1
0.2234,0.1238,1
0.2241,0.1212,1
0.2044,0.1251,1
0.2239,0.1229,1
0.0283,0.123,1
0.132,0.1241,1
0.1939,0.1225,1
0.2212,0.1255,1
0.2288,0.1252,1
0.2101,0.1227,1
0.2144,0.1203,1
0.2192,0.1209,1
0.1656,0.1203,1
0.2256,0.1222,1
0.2255,0.123,1
0.2299,0.1256,1
0.1976,0.1235,1
0.2106,0.1248,1
0.1827,0.1271,1
0.2284,0.1269,1
0.2289,0.1278,1
0.1535,0.1259,1
0.2159,0.1251,1
0.2058,0.1252,1
0.2152,0.1258,1
0.2284,0.1227,1
0.2206,0.1264,1
0.2047,0.1277,1
0.2247,0.1203,1
0.2168,0.1362,1
0.1813,0.1214,1
0.1734,0.1255,1
0.22,0.1267,1
0.2296,0.1254,1
0.2068,0.1282,1
0.2293,0.1283,1
0.2189,0.1256,1
0.2203,0.124,1
0.2201,0.1266,1
0.2126,0.1273,1
0.2146,0.1254,1
0.128,0.1267,1
0.2204,0.1251,1
0.2138,0.1282,1
0.2183,0.1282,1
0.2151,0.1267,1
0.1962,0.1266,1
0.2226,0.1269,1
0.0386,0.1225,1
0.2274,0.1241,1
0.2199,0.1236,1
0.23,0.1241,1
0.0309,0.1242,1
0.2174,0.1238,1
0.2157,0.1252,1
0.2266,0.1254,1
0.2221,0.1271,1
0.228,0.127,1
0.211,0.1301,1
0.2215,0.1266,1
0.1477,0.1279,1
0.2137,0.1285,1
0.2175,0.1278,1
0.2175,0.1255,1
0.2284,0.1255,1
0.0299,0.1272,1
0.2055,0.126,1
0.2281,0.1264,1
0.2281,0.1268,1
0.2228,0.1294,1
0.2221,0.1281,1
0.2141,0.1273,1
0.2262,0.1269,1
0.2071,0.1256,1
0.2198,0.1274,1
0.2192,0.1285,1
0.2069,0.123,1
0.2271,0.1248,1
0.2291,0.131,1
0.2272,0.1237,1
0.2266,0.1285,1
0.2117,0.1256,1
0.2188,0.1259,1
0.2265,0.126,1
0.2179,0.127,1
0.2021,0.1261,1
0.0792,0.1284,1
0.2154,0.1252,1
0.2082,0.1241,1
0.2136,0.1262,1
0.2282,0.1279,1
0.2144,0.1269,1
0.2091,0.126,1
0.2207,0.1254,1
0.2014,0.1249,1
0.211,0.1238,1
0.1724,0.1196,1
0.2095,0.1243,1
0.2227,0.1276,1
0.2254,0.1273,1
0.2224,0.1274,1
0.2255,0.1263,1
0.226,0.13,1
0.1448,0.1275,1
0.2281,0.1288,1
0.2083,0.1281,1
0.2255,0.1275,1
0.2219,0.1267,1
0.2262,0.1244,1
0.1815,0.1272,1
0.192,0.1273,1
0.2224,0.1295,1
0.1633,0.1278,1
0.2133,0.1271,1
0.223,0.1259,1
0.2297,0.1267,1
0.202,0.1293,1
0.2035,0.1277,1
0.2124,0.1292,1
0.2206,0.1291,1
0.1008,0.129,1
0.2193,0.1251,1
0.2256,0.1288,1
0.1742,0.1256,1
0.2101,0.1363,1
0.1246,0.1295,1
0.2081,0.1283,1
0.2297,0.1284,1
0.2051,0.1242,1
0.2266,0.1227,1
0.2226,0.1244,1
0.2278,0.1255,1
0.1866,0.1248,1
0.1695,0.1239,1
0.2238,0.1264,1
0.2249,0.1243,1
0.2247,0.1261,1
0.2289,0.125,1
0.2083,0.127,1
0.2102,0.1253,1
0.2173,0.1239,1
0.209,0.1258,1
0.2049,0.1259,1
0.1924,0.1264,1
0.2104,0.1276,1
0.217,0.1265,1
0.2264,0.1242,1
0.2119,0.1245,1
0.2224,0.1265,1
0.2097,0.1252,1
0.2233,0.1254,1
0.2278,0.1254,1
0.2155,0.1267,1
0.2114,0.1256,1
0.212,0.1246,1
0.2096,0.1279,1
0.2272,0.1269,1
0.2095,0.1262,1
0.2136,0.1271,1
0.2266,0.1239,1
0.2105,0.1236,1
0.2203,0.126,1
0.2267,0.1304,1
0.2243,0.1281,1
0.2238,0.1219,1
0.2247,0.1274,1
0.2187,0.1282,1
0.2293,0.1295,1
0.2082,0.1288,1
0.2166,0.1253,1
0.2282,0.1266,1
0.212,0.1276,1
0.2146,0.1263,1
0.2153,0.125,1
0.2269,0.1295,1
0.2242,0.1279,1
0.2277,0.124,1
0.23,0.127,1
0.219,0.1249,1
0.2268,0.1256,1
0.2289,0.124,1
0.2298,0.1259,1
0.2264,0.1264,1
0.2094,0.127,1
0.2265,0.1268,1
0.2236,0.1239,1
0.2285,0.1253,1
0.2246,0.1256,1
0.2174,0.1271,1
0.2078,0.1259,1
0.2206,0.1266,1
0.2288,0.1295,1
0.2286,0.1274,1
0.2265,0.1278,1
0.1384,0.1329,1
0.2251,0.1277,1
0.2188,0.1245,1
0.2118,0.1278,1
0.2243,0.1264,1
0.2145,0.1272,1
0.2073,0.1271,1
0.2237,0.1277,1
0.2218,0.1281,1
0.2168,0.1285,1
0.2281,0.1295,1
0.1808,0.1288,1
0.2274,0.1319,1
0.204,0.1278,1
0.2164,0.1224,1
0.2159,0.1286,1
0.0168,0.1273,1
0.2291,0.1265,1
0.2159,0.1246,1
0.2293,0.1254,1
0.2161,0.1238,1
0.2173,0.1286,1
0.2184,0.1268,1
0.2241,0.1226,1
0.2187,0.1252,1
0.2171,0.1274,1
0.2248,0.1278,1
0.2228,0.1267,1
0.2201,0.128,1
0.2293,0.1284,1
0.2211,0.1273,1
0.2146,0.1271,1
0.2205,0.1283,1
0.216,0.1306,1
0.2108,0.127,1
0.2251,0.1266,1
0.2203,0.1328,0
0.3294,0.126,0
0.3302,0.1166,0
0.3432,0.1195,0
0.3215,0.1203,0
0.304,0.1194,0
0.3065,0.3853,0
0.3234,0.1171,0
0.3033,0.1187,0
0.3114,0.1172,0
0.3069,0.1169,0
0.3058,0.1228,0
0.3061,0.1897,0
0.3243,0.1365,0
0.3314,0.1217,0
0.3196,0.1224,0
0.305,0.1218,0
0.3268,0.1253,0
0.32,0.121,0
0.3097,0.1384,0
0.1542,0.1233,0
0.3217,0.1267,0
0.3092,0.1169,0
0.299,0.1175,0
0.2556,0.1238,0
0.3098,0.1197,0
0.308,0.1217,0
0.2777,0.123,0
0.3098,0.1227,0
0.3169,0.1251,0
0.3161,0.1261,0
0.3043,0.1242,0
0.2875,0.1231,0
0.3093,0.1247,0
0.3462,0.1248,0
0.3453,0.3457,0
0.3126,0.123,0
0.331,0.1211,0
0.2011,0.1213,0
0.3052,0.125,0
0.3069,0.123,0
0.3068,0.1232,0
0.3182,0.1217,0
0.3164,0.1207,0
0.3233,0.1221,0
0.3411,0.1223,0
0.3304,0.1234,0
0.3285,0.1222,0
0.3368,0.1226,0
0.34,0.1192,0
0.3309,0.1196,0
0.3258,0.1219,0
0.3226,0.12,0
0.3296,0.1179,0
0.3316,0.1227,0
0.3108,0.1235,0
0.3199,0.1198,0
0.3444,0.4051,0
0.332,0.1219,0
0.329,0.1221,0
0.3221,0.1233,0
0.3523,0.1243,0
0.3342,0.1218,0
0.3355,0.1217,0
0.3585,0.131,0
0.3473,0.1277,0
0.3568,0.1261,0
0.3469,0.1282,0
0.3313,0.1215,0
0.3548,0.1226,0
0.348,0.1278,0
0.3616,0.1244,0
0.351,0.1248,0
0.3547,0.1238,0
0.3483,0.125,0
0.3517,0.1245,0
0.3332,0.1264,0
0.3518,0.1252,0
0.357,0.2177,0
0.3507,0.1292,0
0.3565,0.1256,0
0.3425,0.1247,0
0.3475,0.1245,0
0.3427,0.125,0
0.324,0.1281,0
0.3401,0.1289,0
0.327,0.1245,0
0.3336,0.125,0
0.3557,0.1235,0
0.3343,0.127,0
0.3253,0.1235,0
0.333,0.123,0
0.327,0.1277,0
0.3361,0.1233,0
0.3389,0.1245,0
0.3376,0.1233,0
0.3302,0.1246,0
0.3256,0.1256,0
0.327,0.1262,0
0.2874,0.1229,0
0.3322,0.1245,0
0.3191,0.1249,0
0.3141,0.1259,0
0.3367,0.1277,0
0.3186,0.1284,0
0.3206,0.1285,0
0.3072,0.128,0
0.2974,0.1279,0
0.3001,0.1278,0
0.3106,0.1283,0
0.2982,0.1287,0
0.3017,0.1261,0
0.324,0.1263,0
0.3514,0.2769,0
0.3522,0.1259,0
0.3374,0.1275,0
0.2859,0.129,0
0.2926,0.1266,0
0.3263,0.1231,0
0.3086,0.1215,0
0.3262,0.1238,0
0.3147,0.1233,0
0.3231,0.125,0
0.3211,0.1247,0
0.3125,0.123,0
0.3222,0.1253,0
0.3187,0.1234,0
0.315,0.1245,0
0.3358,0.1246,0
0.324,0.1238,0
0.3194,0.1248,0
0.3171,0.1264,0
0.3245,0.1273,0
0.3299,0.1242,0
0.3108,0.1239,0
0.3244,0.1256,0
0.3251,0.1259,0
0.3102,0.1269,0
0.3202,0.1272,0
0.3232,0.1243,0
0.314,0.1249,0
0.3134,0.1242,0
0.309,0.126,0
0.3028,0.1236,0
0.3166,0.1253,0
0.3093,0.1255,0
0.3107,0.1223,0
0.305,0.124,0
0.3151,0.1242,0
0.169,0.1196,0
0.3147,0.1266,0
0.3054,0.1245,0
0.3106,0.1226,0
0.2541,0.1233,0
0.308,0.1235,0
0.2894,0.1217,0
0.2965,0.1197,0
0.2334,0.1249,0
0.2525,0.1206,0
0.2509,0.1187,0
0.2511,0.1205,0
0.3039,0.1201,0
0.307,0.1194,0
0.2088,0.1197,0
0.2955,0.1209,0
0.3132,0.1188,0
0.2971,0.1198,0
0.3313,0.1178,0
0.3104,0.1227,0
0.3176,0.1185,0
0.3111,0.1198,0
0.3165,0.12,0
0.3068,0.1208,0
0.3169,0.1202,0
0.3111,0.1202,0
0.3277,0.1211,0
0.3014,0.1202,0
0.3077,0.1205,0
0.3149,0.1213,0
0.3051,0.1202,0
0.304,0.1208,0
0.274,0.1208,0
0.3075,0.1198,0
0.3269,0.1215,0
0.3239,0.1227,0
0.326,0.1208,0
0.1917,0.1192,0
0.2411,0.1195,0
0.3352,0.1212,0
0.3352,0.1212,0
0.3336,0.1225,0
0.3147,0.1221,0
0.3144,0.121,0
0.2659,0.1217,0
0.3267,0.1221,0
0.3272,0.1207,0
0.3152,0.1215,0
0.3403,0.1213,0
0.2395,0.1204,0
0.329,0.1211,0
0.3249,0.1211,0
0.3183,0.1215,0
0.3139,0.1217,0
0.2995,0.1213,0
0.3039,0.1214,0
0.3085,0.1208,0
0.324,0.1212,0
0.3202,0.1218,0
0.2829,0.1228,0
0.3091,0.1219,0
0.3025,0.1205,0
0.3068,0.1226,0
0.3106,0.1221,0
0.3057,0.1205,0
0.3081,0.1211,0
0.2912,0.1212,0
0.3342,0.1198,0
0.3111,0.1209,0
0.3127,0.1201,0
0.3023,0.1222,0
0.3063,0.1217,0
0.3116,0.1204,0
0.3005,0.1209,0
0.3249,0.1212,0
0.3196,0.1213,0
0.3257,0.1205,0
0.3296,0.1174,0
0.2593,0.1212,0
0.3258,0.119,0
0.3115,0.1197,0
0.3255,0.1201,0
0.3159,0.121,0
0.3159,0.1193,0
0.3155,0.1198,0
0.2976,0.1202,0
0.3064,0.1197,0
0.3127,0.1217,0
0.2584,0.1217,0
0.3122,0.1224,0
0.2856,0.1238,0
0.1455,0.1194,0
0.2917,0.1191,0
0.2986,0.1197,0
0.2972,0.1203,0
0.2946,0.121,0
0.2906,0.1184,0
0.3096,0.1213,0
0.2876,0.1196,0
0.2839,0.1218,0
0.2798,0.1186,0
0.2868,0.1194,0
0.2834,0.1215,0
0.2083,0.1188,0
0.2957,0.1232,0
0.3073,0.1207,0
0.312,0.1218,0
0.2981,0.124,0
0.2986,0.1199,0
0.3122,0.1207,0
0.321,0.1206,0
0.2921,0.1225,0
0.3144,0.1219,0
0.2871,0.1219,0
0.2878,0.1218,0
0.2846,0.1204,0
0.2942,0.1222,0
0.2971,0.1264,0
0.2145,0.1207,0
0.304,0.1226,0
0.2986,0.1231,0
0.2988,0.1258,0
0.3075,0.1238,0
0.2962,0.1225,0
0.3085,0.1242,0
0.2956,0.1245,0
0.2991,0.124,0
0.2921,0.1241,0
0.2976,0.1232,0
0.3136,0.1155,0
0.3088,0.1223,0
0.2999,0.1206,0
0.3105,0.1193,0
0.3107,0.121,0
0.308,0.1225,0
0.2997,0.121,0
0.3035,0.122,0
0.3104,0.1207,0
0.3156,0.1211,0
0.3137,0.1214,0
0.3065,0.1206,0
0.3026,0.1241,0
0.3111,0.1226,0
0.3055,0.1219,0
0.3068,0.1209,0
0.2679,0.1223,0
0.3303,0.121,0
0.3159,0.1205,0
0.2626,0.1276,0
0.2896,0.1264,0
0.3041,0.1211,0
0.2858,0.1222,0
0.3204,0.1218,0
0.3081,0.1231,0
0.2974,0.1211,0
0.3188,0.1235,0
0.2964,0.1214,0
0.3109,0.1252,0
0.2936,0.1241,0
0.3049,0.122,0
0.3086,0.1222,0
0.311,0.1224,0
0.3009,0.1234,0
0.3125,0.1223,0
0.2868,0.1242,0
0.304,0.1218,0
0.3062,0.1206,0
0.3043,0.1228,0
0.3324,0.1224,0
0.2907,0.1243,0
0.3077,0.1229,0
0.3038,0.122,0
0.3021,0.1246,0
0.2961,0.1222,0
0.2939,0.1247,0
0.29,0.1217,0
0.3002,0.1225,0
0.2969,0.1224,0
0.2958,0.1225,0
0.2943,0.1213,0
0.2989,0.1224,0
0.2955,0.1234,0
0.2772,0.1223,0
0.2876,0.1239,0
0.3079,0.1245,0
0.2922,0.1247,0
0.3001,0.1236,0
0.2844,0.1253,0
0.2862,0.1257,0
0.3085,0.1238,0
0.2944,0.1238,0
0.2946,0.1231,0
0.3049,0.1229,0
0.2953,0.123,0
0.2998,0.1244,0
0.2987,0.1226,0
0.3167,0.1219,0
0.2719,0.1221,0
0.2687,0.1221,0
0.3068,0.1216,0
0.2862,0.1204,0
0.2929,0.1217,0
0.2423,0.1223,0
0.2967,0.1179,0
0.2946,0.1186,0
0.2206,0.1191,0
0.3064,0.1196,0
0.2985,0.1196,0
0.2921,0.1197,0
0.3171,0.1214,0
0.2961,0.1206,0
0.2927,0.1204,0
0.3019,0.1219,0
0.2906,0.1214,0
0.2984,0.1198,0
0.296,0.1219,0
0.2953,0.1205,0
0.2874,0.1224,0
0.2974,0.1216,0
0.2819,0.1211,0
0.3045,0.1207,0
0.2018,0.1213,0
0.2834,0.1207,0
0.2918,0.1233,0
0.297,0.1234,0
0.3172,0.117,0
0.2985,0.1192,0
0.2912,0.1177,0
0.1568,0.1202,0
0.3098,0.1172,0
0.2797,0.1202,0
0.3379,0.1177,0
0.3027,0.1161,0
0.175,0.1196,0
0.3109,0.1201,0
0.325,0.1193,0
0.3145,0.1192,0
0.3135,0.1176,0
0.328,0.119,0
0.3021,0.1175,0
0.3093,0.1194,0
0.3098,0.1207,0
0.3242,0.1201,0
0.3187,0.1198,0
0.3015,0.119,0
0.3064,0.1189,0
0.2541,0.1189,0
0.313,0.1201,0
0.3114,0.1182,0
0.3015,0.1186,0
0.3004,0.1185,0
0.3188,0.1188,0
0.3162,0.1206,0
0.3101,0.1185,0
0.3102,0.1189,0
0.2976,0.1202,0
0.307,0.12,0
0.3153,0.1198,0
0.2924,0.1208,0
0.2994,0.1195,0
0.3157,0.1193,0
0.3123,0.12,0
0.2999,0.121,0
0.3036,0.1186,0
0.3343,0.1193,0
0.3012,0.1202,0
0.3318,0.1193,0
0.2945,0.1191,0
0.3056,0.1192,0
0.3241,0.1198,0
0.3071,0.1187,0
0.3078,0.119,0
0.3009,0.1206,0
0.3143,0.1195,0
0.3051,0.12,0
0.3024,0.1205,0
0.3129,0.1189,0
0.3023,0.1183,0
0.307,0.1183,0
0.3042,0.1193,0
0.3075,0.1204,0
0.3036,0.1223,0
0.1879,0.1223,0
0.3023,0.1201,0
0.2916,0.1219,0
0.2676,0.1217,0
0.2996,0.1218,0
0.3189,0.1214,0
0.3046,0.123,0
0.3039,0.1276,0
0.3019,0.1228,0
0.2854,0.1202,0
0.3173,0.1198,0
0.301,0.1176,0
0.3228,0.1207,0
0.3005,0.1198,0
0.2975,0.1205,0
0.3186,0.1206,0
0.318,0.1203,0
0.2995,0.1199,0
0.3091,0.1192,0
0.3149,0.12,0
0.3015,0.1201,0
0.3029,0.1187,0
0.3024,0.1205,0
0.3025,0.1204,0
0.3066,0.1196,0
0.3079,0.1186,0
0.3051,0.1191,0
0.1747,0.1192,0
0.3079,0.1212,0
0.3122,0.1198,0
0.3058,0.1183,0
0.2539,0.1184,0
0.3108,0.1198,0
0.2935,0.1206,0
0.2926,0.1187,0
0.2956,0.1209,0
0.3162,0.1212,0
0.2967,0.1208,0
0.2989,0.1216,0
0.3204,0.119,0
0.2794,0.12,0
0.2885,0.1202,0
0.3012,0.1203,0
0.299,0.1181,0
0.2922,0.1205,0
0.3076,0.121,0
0.3099,0.1199,0
0.2943,0.1194,0
0.3041,0.1198,0
0.3083,0.1195,0
0.3172,0.1206,0
0.3126,0.1202,0
0.3035,0.1205,0
0.231,0.1204,0
0.306,0.1206,0
0.3042,0.1212,0
0.3036,0.1202,0
0.3041,0.1203,0
0.3181,0.1202,0
0.2484,0.1202,0
0.3132,0.1207,0
0.322,0.122,0
0.3034,0.1204,0
0.2997,0.1203,0
0.2981,0.1205,0
0.3167,0.1222,0
0.2836,0.1222,0
0.3042,0.1198,0
0.3029,0.1196,0
0.3109,0.1197,0
0.2748,0.1214,0
0.2883,0.122,0
0.2941,0.1206,0
0.2802,0.1216,0
0.2278,0.1217,0
0.2634,0.1208,0
0.2938,0.1207,0
0.2948,0.121,0
0.2975,0.1206,0
0.305,0.1208,0
0.3095,0.1199,0
0.321,0.1195,0
0.3166,0.119,0
0.3114,0.1192,0
0.3103,0.1212,0
0.3146,0.119,0
0.3043,0.1189,0
0.3029,0.12,0
0.2828,0.1206,0
0.3098,0.1199,0
0.3137,0.1218,0
0.3026,0.1219,0
0.2974,0.1203,0
0.3012,0.1219,0
0.3065,0.1197,0
0.3009,0.1213,0
0.2956,0.1202,0
0.2972,0.1195,0
0.2931,0.1208,0
0.2885,0.1202,0
0.3006,0.1215,0
0.2727,0.1191,0
0.3046,0.1207,0
0.2926,0.1186,0
0.2633,0.1236,0
0.2503,0.1184,0
0.2898,0.1214,0
0.3025,0.1215,0
0.297,0.1221,0
0.2995,0.1185,0
0.2917,0.1185,0
0.3028,0.1202,0
0.2978,0.1211,0
0.3067,0.1183,0
0.3147,0.1216,0
0.2339,0.1188,0
0.299,0.1198,0
0.301,0.1217,0
0.2971,0.1195,0
0.3059,0.1208,0
0.2992,0.1205,0
0.2976,0.1202,0
0.3016,0.1205,0
0.2909,0.1207,0
0.2804,0.1214,0
0.2993,0.122,0
0.3128,0.121,0
0.2976,0.1177,0
0.3144,0.1204,0
0.173,0.1189,0
0.3127,0.1227,0
0.2854,0.1208,0
0.295,0.1215,0
0.2957,0.1216,0
0.2721,0.1202,0
0.2799,0.1203,0
0.2825,0.1218,0
0.2842,0.121,0
0.2744,0.1208,0
0.2883,0.1231,0
0.2843,0.1224,0
0.2642,0.1205,0
0.1514,0.1193,0
0.287,0.1216,0
0.2622,0.1223,0
0.2407,0.1196,0
0.2396,0.122,0
0.2256,0.1216,0
0.2075,0.1209,0
0.2164,0.1193,0
0.238,0.1212,0
0.2456,0.1188,0
0.2643,0.121,0
0.2301,0.1203,0
0.2739,0.1201,0
0.1738,0.1182,0
0.2871,0.1228,0
0.2507,0.1191,0
0.2535,0.1207,0
0.2596,0.1239,0
0.2618,0.1204,0
0.2864,0.1203,0
0.2722,0.1207,0
0.3147,0.1198,0
0.2907,0.1197,0
0.2958,0.1205,0
0.3023,0.1194,0
0.2889,0.12,0
0.3085,0.122,0
0.3026,0.1214,0
0.3009,0.1205,0
0.2969,0.1211,0
0.2901,0.1189,0
0.299,0.1227,0
0.2397,0.1198,0
0.2454,0.121,0
0.1982,0.1202,0
0.2578,0.1197,0
0.2928,0.1214,0
0.2944,0.12,0
0.2697,0.1201,0
0.2294,0.1196,0
0.2057,0.1181,1
0.1565,0.1239,1
0.1597,0.1235,1
0.21,0.1254,1
0.1982,0.1268,1
0.2277,0.1273,1
0.1852,0.126,1
0.2241,0.1227,1
0.222,0.1254,1
0.1644,0.1347,1
0.219,0.1323,1
0.1784,0.1342,1
0.2066,0.1274,1
0.2075,0.1263,1
0.194,0.1281,1
0.1827,0.1265,1
0.2005,0.128,1
0.1897,0.1304,1
0.2065,0.1325,1
0.2148,0.132,1
0.1658,0.1273,1
0.2025,0.1208,1
0.2284,0.1184,1
0.215,0.1298,1
0.1885,0.1223,1
0.2222,0.124,1
0.2106,0.1212,1
0.1969,0.1215,1
0.0634,0.1213,1
0.2157,0.1285,1
0.2114,0.1222,1
0.2201,0.1221,1
0.22,0.1242,1
0.1792,0.1335,1
0.2214,0.1308,1
0.1902,0.1201,1
0.216,0.1231,1
0.2018,0.1218,1
0.1788,0.1222,1
0.1893,0.1227,1
0.1976,0.1215,1
0.1801,0.1206,1
0.2206,0.1222,1
0.2079,0.1232,1
0.1773,0.1239,1
0.1485,0.1221,1
0.1684,0.1205,1
0.2256,0.1199,1
0.1653,0.1207,1
0.1756,0.1215,1
0.2252,0.1291,1
0.2149,0.1327,1
0.1505,0.1312,1
0.1981,0.1256,1
0.2093,0.1293,1
0.1501,0.1225,1
0.2222,0.1219,1
0.1929,0.1214,1
0.1402,0.1221,1
0.2279,0.1292,1
0.1905,0.1227,1
0.1737,0.1261,1
0.1577,0.1257,1
0.2006,0.13,1
0.2201,0.1296,1
0.1909,0.1279,1
0.1169,0.1253,1
0.216,0.1252,1
0.1986,0.1251,1
0.1666,0.1224,1
0.1442,0.1229,1
0.1238,0.1259,1
0.0955,0.1256,1
0.096,0.1255,1
0.0988,0.1258,1
0.0943,0.126,1
0.1081,0.1253,1
0.0833,0.1258,1
0.102,0.1251,1
0.0948,0.1256,1
0.0853,0.1276,1
0.1088,0.1252,1
0.0841,0.1261,1
0.0904,0.1252,1
0.095,0.1252,1
0.1008,0.1246,1
0.0971,0.1251,1
0.0934,0.127,1
0.088,0.1264,1
0.0919,0.1248,1
0.0734,0.1252,1
0.0761,0.1247,1
0.0837,0.1253,1
0.0624,0.1267,1
0.0708,0.1258,1
0.0795,0.1244,1
0.0508,0.1268,1
0.0883,0.1257,1
0.0602,0.1252,1
0.1699,0.1217,1
0.1139,0.123,1
0.0914,0.1268,1
0.2182,0.1257,1
0.1921,0.1247,1
0.1648,0.1275,1
0.1035,0.1258,1
0.1871,0.1252,1
0.1049,0.1259,1
0.2191,0.1256,1
0.0886,0.1262,1
0.1025,0.1248,1
0.0667,0.1241,1
0.055,0.1235,1
0.0668,0.1256,1
0.0451,0.1259,1
0.0614,0.1254,1
0.0515,0.1261,1
0.0377,0.1262,1
0.0441,0.1261,1
0.0548,0.124,1
0.0493,0.1246,1
0.0599,0.1255,1
0.0345,0.1247,1
0.044,0.1259,1
0.0576,0.1258,1
0.0423,0.1268,1
0.049,0.1243,1
0.0501,0.1262,1
0.0443,0.1255,1
0.0292,0.1264,1
0.0363,0.1247,1
0.046,0.1246,1
0.0575,0.1244,1
0.0551,0.1248,1
0.0561,0.1249,1
0.0599,0.1237,1
0.0672,0.1265,1
0.0566,0.1255,1
0.0574,0.1243,1
0.0599,0.124,1
0.0732,0.1271,1
0.0632,0.1271,1
0.0398,0.1259,1
0.051,0.1258,1
0.0558,0.1264,1
0.0554,0.1258,1
0.0606,0.1258,1
0.0675,0.1246,1
0.0524,0.1255,1
0.0603,0.1262,1
0.0409,0.1249,1
0.0554,0.1241,1
0.0649,0.1267,1
0.1673,0.1256,1
0.2035,0.1237,1
0.1181,0.1248,1
0.2159,0.1239,1
0.2188,0.1249,1
0.218,0.1241,1
0.0993,0.1246,1
0.1278,0.1254,1
0.1877,0.1248,1
0.1002,0.1272,1
0.0871,0.1246,1
0.0856,0.1248,1
0.1533,0.1252,1
0.1727,0.1253,1
0.1376,0.1263,1
0.1968,0.1258,1
0.119,0.1253,1
0.0969,0.1245,1
0.1057,0.1254,1
0.0915,0.1255,1
0.0898,0.1247,1
0.0809,0.1235,1
0.0859,0.124,1
0.0777,0.1255,1
0.1009,0.1252,1
0.0829,0.1266,1
0.0748,0.1247,1
0.0877,0.1235,1
0.0709,0.1239,1
0.0706,0.1235,1
0.0823,0.1246,1
0.0786,0.1249,1
0.0757,0.1255,1
0.0589,0.1259,1
0.0653,0.1243,1
0.0627,0.1248,1
0.0716,0.1254,1
0.0732,0.1249,1
0.0653,0.1257,1
0.0673,0.1252,1
0.0554,0.1251,1
0.0571,0.1248,1
0.0634,0.126,1
0.0558,0.1249,1
0.066,0.1255,1
0.0518,0.1243,1
0.0654,0.1243,1
0.0486,0.1238,1
0.0632,0.1261,1
0.0621,0.1242,1
0.0562,0.1236,1
0.0732,0.1265,1
0.0626,0.1241,1
0.0726,0.1252,1
0.1456,0.1259,1
0.0739,0.1254,1
0.123,0.127,1
0.1876,0.1242,1
0.1239,0.1277,1
0.0917,0.1266,1
0.1,0.1244,1
0.1708,0.1246,1
0.0885,0.126,1
0.0957,0.1256,1
0.1073,0.1259,1
0.0639,0.1277,1
0.0911,0.1244,1
0.0715,0.1242,1
0.0717,0.1235,1
0.0851,0.1227,1
0.1952,0.1239,1
0.1075,0.1245,1
0.0953,0.1251,1
0.0631,0.1253,1
0.0509,0.1251,1
0.0735,0.1254,1
0.0862,0.1273,1
0.0816,0.1252,1
0.1495,0.1239,1
0.139,0.1263,1
0.2079,0.1264,1
0.1537,0.1264,1
0.2084,0.1261,1
0.186,0.1253,1
0.1996,0.1258,1
0.1058,0.1249,1
0.1775,0.1267,1
0.0953,0.1276,1
0.221,0.1287,1
0.2153,0.1295,1
0.2298,0.1285,1
0.2117,0.1262,1
0.2299,0.1265,1
0.1802,0.1272,1
0.229,0.129,1
0.0877,0.1287,1
0.0933,0.1283,1
0.0749,0.1274,1
0.2152,0.1286,1
0.1481,0.1274,1
0.1414,0.1277,1
0.1177,0.1269,1
0.1214,0.1276,1
0.0951,0.1284,1
0.0859,0.1293,1
0.0865,0.1269,1
0.0897,0.1295,1
0.1203,0.1284,1
0.1892,0.1278,1
0.1486,0.1272,1
0.12,0.1281,1
0.1291,0.1284,1
0.0855,0.1289,1
0.0801,0.1287,1
0.078,0.1281,1
0.076,0.1287,1
0.2128,0.127,1
0.2042,0.1274,1
0.2285,0.128,1
0.1824,0.1272,1
0.1426,0.1272,1
0.132,0.1265,1
0.1466,0.1253,1
0.2219,0.1272,1
0.2121,0.1262,1
0.2208,0.1281,1
0.1374,0.1264,1
0.0902,0.1251,1
0.1949,0.1256,1
0.2263,0.1263,1
0.1975,0.1268,1
0.1242,0.1273,1
0.2011,0.1286,1
0.13,0.1302,1
0.2291,0.1315,1
0.2199,0.1323,1
0.1627,0.124,1
0.2275,0.122,1
0.1702,0.126,1
0.1431,0.1268,1
0.1668,0.1264,1
0.2298,0.126,1
0.2214,0.1246,1
0.1959,0.124,1
0.1358,0.1228,1
0.1888,0.124,1
0.142,0.1256,1
0.1,0.1247,1
0.0757,0.1236,1
0.0903,0.1238,1
0.0604,0.1238,1
0.0658,0.1237,1
0.0635,0.1222,1
0.0608,0.1244,1
0.0561,0.1228,1
0.0648,0.1233,1
0.0561,0.1238,1
0.0453,0.1252,1
0.0533,0.1247,1
0.0554,0.1246,1
0.0682,0.1248,1
0.0582,0.1235,1
0.052,0.1249,1
0.0543,0.1245,1
0.0661,0.125,1
0.0607,0.1248,1
0.0618,0.1229,1
0.0775,0.1226,1
0.096,0.124,1
0.0699,0.126,1
0.0661,0.1238,1
0.0978,0.1233,1
0.0992,0.125,1
0.0875,0.1231,1
0.0585,0.125,1
0.1842,0.1233,1
0.1407,0.1247,1
0.1303,0.1238,1
0.2095,0.1252,1
0.2243,0.1267,1
0.2206,0.1257,1
0.1558,0.1258,1
0.158,0.1276,1
0.2188,0.1252,1
0.204,0.1259,1
0.2273,0.1251,1
0.1585,0.1249,1
0.2163,0.1265,1
0.1334,0.1244,1
0.0823,0.127,1
0.1225,0.128,1
0.2041,0.1332,1
0.2272,0.1337,1
0.2252,0.132,1
0.2146,0.1294,1
0.1803,0.1445,1
0.2021,0.1254,1
0.1238,0.1223,1
0.1878,0.117,1
0.1143,0.1195,1
0.1882,0.1254,1
0.1857,0.1211,1
0.1056,0.1213,1
0.1096,0.1222,1
0.179,0.1223,1
0.1793,0.1207,1
0.1201,0.1192,1
0.1594,0.1229,1
0.1808,0.1244,1
0.1534,0.123,1
0.2253,0.1212,1
0.157,0.1212,1
0.216,0.1262,1
0.2184,0.125,1
0.0878,0.1265,1
0.0471,0.1236,1
0.1613,0.1237,1
0.1548,0.1229,1
0.1016,0.1256,1
0.2285,0.1207,1
0.2075,0.1246,1
0.0986,0.1201,1
0.0638,0.1228,1
0.198,0.1264,1
0.2031,0.1233,1
0.0804,0.123,1
0.1229,0.1219,1
0.115,0.1233,1
0.193,0.1242,1
0.2225,0.1271,1
0.2096,0.1215,1
0.2253,0.1263,1
0.1516,0.1291,1
0.0679,0.1296,1
0.2236,0.129,1
0.2124,0.1276,1
0.2096,0.1282,1
0.1712,0.1296,1
0.153,0.1259,1
0.1309,0.1263,1
0.1008,0.1273,1
0.0694,0.1247,1
0.1127,0.1274,1
0.1724,0.1245,1
0.0887,0.1226,1
0.2275,0.1195,1
0.2005,0.1182,1
0.1746,0.1202,1
0.1198,0.1206,1
0.1486,0.1227,1
0.2136,0.123,1
0.1057,0.1227,1
0.1193,0.1207,1
0.1693,0.1193,1
0.2104,0.1232,1
0.2137,0.1249,1
0.1592,0.1299,1
0.1855,0.1275,1
0.2165,0.1272,1
0.2232,0.1207,1
0.1729,0.1201,1
0.1899,0.12,1
0.1599,0.1183,1
0.0546,0.1192,1
0.0691,0.1195,1
0.0789,0.1184,1
0.1678,0.1223,1
0.1397,0.1205,1
0.223,0.119,1
0.2166,0.1205,1
0.2126,0.1179,1
0.215,0.1196,1
0.2037,0.1226,1
0.1975,0.1229,1
0.2115,0.1219,1
0.1477,0.1234,1
0.2219,0.1243,1
0.2212,0.1239,1
0.2134,0.1203,1
0.2219,0.1189,1
0.0768,0.1199,1
0.2112,0.1193,1
0.1427,0.1245,1
0.181,0.1261,1
0.1936,0.1258,1
0.2888,0.1212,0
0.2893,0.1225,0
0.2936,0.1237,0
0.2976,0.1226,0
0.2879,0.1231,0
0.2949,0.1247,0
0.3455,0.1243,0
0.3341,0.1235,0
0.3125,0.1205,0
0.3256,0.1227,0
0.3076,0.1247,0
0.2865,0.1533,0
0.3013,0.1232,0
0.3336,0.1262,0
0.3182,0.1252,0
0.3062,0.1259,0
0.3269,0.1272,0
0.3276,0.1255,0
0.3672,0.1242,0
0.3272,0.1258,0
0.2107,0.1237,0
0.3127,0.1237,0
0.316,0.1242,0
0.3105,0.1318,0
0.3261,0.1379,0
0.1484,0.1311,0
0.3027,0.1306,0
0.3143,0.1315,0
0.3132,0.1293,0
0.2898,0.1259,0
0.2662,0.1287,0
0.2873,0.1259,0
0.2525,0.1296,0
0.2633,0.1261,0
0.2749,0.1245,0
0.2512,0.1251,0
0.1786,0.1249,0
0.2619,0.1228,0
0.2816,0.1246,0
0.277,0.1231,0
0.2765,0.1264,0
0.2758,0.1248,0
0.3106,0.1264,0
0.3196,0.1285,0
0.288,0.1265,0
0.3035,0.1335,0
0.302,0.1265,0
0.3211,0.1252,0
0.3149,0.1264,0
0.3293,0.121,0
0.3293,0.1219,0
0.2853,0.1301,0
0.281,0.129,0
0.3212,0.1257,0
0.3001,0.1247,0
0.284,0.1243,0
0.2902,0.1214,0
0.3214,0.1261,0
0.2761,0.1258,0
0.2771,0.1675,0
0.1674,0.1323,0
0.2582,0.1233,0
0.3503,0.1231,0
0.2677,0.1214,0
0.2642,0.1257,0
0.2727,0.1231,0
0.2702,0.125,0
0.2746,0.1234,0
0.2632,0.1261,0
0.2721,0.1264,0
0.2658,0.1294,0
0.1288,0.1273,0
0.3055,0.1249,0
0.3136,0.1176,0
0.2824,0.122,0
0.2962,0.1221,0
0.2648,0.1849,0
0.2826,0.124,0
0.2942,0.1241,0
0.2566,0.1221,0
0.3028,0.1212,0
0.3455,0.1186,0
0.3841,0.119,0
0.3133,0.1209,0
0.3222,0.1178,0
0.2995,0.1372,0
0.1388,0.1215,0
0.3074,0.1209,0
0.2971,0.1262,0
0.2989,0.1476,0
0.2932,0.1212,0
0.3149,0.1221,0
0.3033,0.1218,0
0.3172,0.1219,0
0.3267,0.1223,0
0.3464,0.124,0
0.2334,0.1245,0
0.3046,0.1739,0
0.2706,0.1307,0
0.2882,0.124,0
0.2667,0.1243,0
0.2942,0.1211,0
0.2764,0.1247,0
0.294,0.124,0
0.2684,0.1251,0
0.1482,0.13,0
0.3157,0.1243,0
0.3032,0.1222,0
0.3095,0.1204,0
0.3138,0.1251,0
0.3148,0.1236,0
0.3025,0.1362,0
0.3103,0.1232,0
0.3017,0.1224,0
0.2577,0.1241,0
0.2735,0.1219,0
0.3014,0.1246,0
0.2893,0.1233,0
0.2933,0.1245,0
0.3036,0.1257,0
0.2951,0.1233,0
0.3001,0.1231,0
0.3006,0.1233,0
0.2884,0.1231,0
0.2973,0.1236,0
0.2784,0.1233,0
0.3062,0.1254,0
0.3184,0.1239,0
0.3111,0.124,0
0.2964,0.1257,0
0.3034,0.1251,0
0.2964,0.1243,0
0.289,0.1238,0
0.2909,0.1245,0
0.2934,0.1261,0
0.2972,0.1251,0
0.2828,0.1274,0
0.274,0.125,0
0.2705,0.1245,0
0.2809,0.1243,0
0.3111,0.1271,0
0.275,0.1248,0
0.2951,0.1243,0
0.3047,0.1256,0
0.3105,0.1246,0
0.2248,0.127,0
0.2971,0.1242,0
0.3052,0.1271,0
0.2884,0.124,0
0.2418,0.1273,0
0.2954,0.1267,0
0.2956,0.1267,0
0.285,0.1234,0
0.2879,0.1267,0
0.2832,0.1242,0
0.2869,0.1257,0
0.2814,0.1264,0
0.2838,0.1259,0
0.2937,0.1228,0
0.2731,0.1244,0
0.2985,0.1223,0
0.2987,0.126,0
0.2978,0.1271,0
0.0997,0.125,0
0.2837,0.1265,0
0.3002,0.1286,0
0.2868,0.1261,0
0.2884,0.1277,0
0.2417,0.1271,0
0.2854,0.1286,0
0.2938,0.1241,0
0.2819,0.1252,0
0.2439,0.1273,0
0.2654,0.1232,0
0.2804,0.1266,0
0.2865,0.1272,0
0.2918,0.1253,0
0.2364,0.1248,0
0.1733,0.1255,0
0.2943,0.1259,0
0.2893,0.125,0
0.2893,0.1278,0
0.2954,0.1252,0
0.2778,0.1259,0
0.2928,0.1262,0
0.2807,0.1267,0
0.2949,0.1258,0
0.2865,0.1269,0
0.2882,0.1274,0
0.3015,0.1275,0
0.3024,0.1254,0
0.2824,0.1284,0
0.2895,0.1258,0
0.1276,0.1234,0
0.302,0.122,0
0.2939,0.1227,0
0.2949,0.125,0
0.2756,0.1248,0
0.2777,0.1238,0
0.2808,0.1252,0
0.3014,0.1228,0
0.3178,0.1208,0
0.3,0.1239,0
0.3018,0.1269,0
0.311,0.1257,0
0.2929,0.1259,0
0.2819,0.1258,0
0.3074,0.1189,0
0.3553,0.1182,0
0.3116,0.1231,0
0.3079,0.1231,0
0.3178,0.1252,0
0.3428,0.1228,0
0.3065,0.1214,0
0.3373,0.1199,0
0.2621,0.1292,0
0.2635,0.1251,0
0.3205,0.1274,0
0.2981,0.1259,0
0.3196,0.1234,0
0.297,0.1254,0
0.3053,0.123,0
0.3154,0.125,0
0.1405,0.1255,0
0.2751,0.1271,0
0.2837,0.1253,0
0.2781,0.126,0
0.2926,0.1185,0
0.296,0.1232,0
0.2741,0.1229,0
0.3144,0.1292,0
0.3163,0.1262,0
0.2846,0.1294,0
0.2806,0.1278,0
0.2564,0.1251,0
0.2373,0.1203,0
0.2972,0.1247,0
0.3018,0.1267,0
0.3,0.1264,0
0.2871,0.1257,0
0.2762,0.1255,0
0.3036,0.1271,0
0.2739,0.126,0
0.2955,0.1262,0
0.2886,0.1246,0
0.2614,0.1231,0
0.2719,0.1239,0
0.3048,0.117,0
0.3011,0.1188,0
0.3097,0.1181,0
0.3363,0.1235,0
0.1006,0.1466,0
0.2047,0.1244,0
0.2846,0.1241,0
0.2795,0.1219,0
0.291,0.1238,0
0.2858,0.1179,0
0.3198,0.1216,0
0.3375,0.1242,0
0.3131,0.1286,0
0.3288,0.1262,0
0.3274,0.125,0
0.1363,0.1291,0
0.317,0.1254,0
0.3244,0.1275,0
0.3422,0.1259,0
0.3297,0.1257,0
0.3304,0.1264,0
0.3325,0.1223,0
0.2809,0.1242,0
0.2909,0.1267,0
0.3016,0.1274,0
0.297,0.1253,0
0.3051,0.1275,0
0.3267,0.1233,0
0.3106,0.1285,0
0.3129,0.1228,0
0.3153,0.1244,0
0.3003,0.1245,0
0.2891,0.1283,0
0.2992,0.1215,0
0.2019,0.127,0
0.3068,0.1266,0
0.3033,0.1204,0
0.2978,0.1255,0
0.2864,0.1196,0
0.2985,0.1227,0
0.2955,0.1259,0
0.2924,0.1212,0
0.289,0.1233,0
0.2972,0.1251,0
0.2914,0.1193,0
0.2947,0.1179,0
0.3026,0.1235,0
0.3002,0.1266,0
0.3023,0.1253,0
0.2993,0.1284,0
0.2999,0.1223,0
0.3014,0.1207,0
0.2651,0.1243,0
0.3023,0.1209,0
0.3014,0.1218,0
0.284,0.1275,0
0.3104,0.1232,0
0.3133,0.1219,0
0.2838,0.1186,0
0.2981,0.1226,0
0.3122,0.1264,0
0.3114,0.122,0
0.3168,0.1205,0
0.3195,0.1212,0
0.3097,0.1237,0
0.2914,0.1207,0
0.313,0.1238,0
0.31,0.1238,0
0.3179,0.1228,0
0.1163,0.1231,0
0.2968,0.1229,0
0.3076,0.1262,0
0.3061,0.1254,0
0.29,0.125,0
0.3052,0.1243,0
0.321,0.1256,0
0.2991,0.1226,0
0.3009,0.1215,0
0.289,0.1192,0
0.2913,0.1213,0
0.3047,0.1224,0
0.3527,0.121,0
0.2668,0.1227,0
0.3179,0.1229,0
0.3961,0.1316,0
0.3453,0.1253,0
0.3507,0.1231,0
0.3239,0.1233,0
0.3004,0.1264,0
0.3027,0.1231,0
0.3048,0.1245,0
0.3181,0.1227,0
0.3148,0.121,0
0.2887,0.1241,0
0.2872,0.1226,0
0.1971,0.1232,0
0.318,0.1226,0
0.2855,0.1245,0
0.306,0.1277,0
0.3441,0.1283,0
0.2319,0.1312,0
0.2761,0.1296,0
0.1954,0.1315,0
0.262,0.1351,0
0.2807,0.1256,0
0.2954,0.122,0
0.2865,0.1225,0
0.3367,0.1247,0
0.3272,0.1247,0
0.3193,0.1241,0
0.3205,0.1264,0
0.3193,0.1252,0
0.2992,0.1243,0
0.3262,0.1249,0
0.2202,0.1231,0
0.2195,0.1238,0
0.231,0.1236,0
0.24,0.125,0
0.3191,0.1267,0
0.2984,0.1247,0
0.2292,0.1252,0
0.3192,0.1219,0
0.3218,0.1231,0
0.3085,0.171,0
0.3288,0.1243,0
0.3211,0.1252,0
0.3417,0.1253,0
0.2985,0.1248,0
0.327,0.125,0
0.3213,0.1249,0
0.2261,0.1247,0
0.2561,0.1235,0
0.1674,0.126,0
0.3575,0.1246,0
0.256,0.127,0
0.2566,0.1238,0
0.23,0.1258,0
0.3205,0.124,0
0.2068,0.1246,0
0.3128,0.1234,0
0.2298,0.1241,0
0.2375,0.1264,0
0.2954,0.123,0
0.2259,0.1246,0
0.3071,0.1254,0
0.3082,0.1262,0
0.3178,0.1267,0
0.2017,0.1252,0
0.3222,0.1263,0
0.2699,0.1246,0
0.3217,0.1265,0
0.2821,0.125,0
0.2648,0.1207,0
0.2722,0.1193,0
0.3435,0.1216,0
0.2615,0.1216,0
0.2795,0.2167,0
0.2764,0.1543,0
0.2415,0.1209,0
0.2802,0.12,0
0.3332,0.1201,0
0.2585,0.1167,0
0.2575,0.1172,0
0.3414,0.1204,0
0.2592,0.122,0
0.2423,0.1642,0
0.2469,0.1203,0
0.2217,0.1699,0
0.3352,0.1671,0
0.2393,0.1188,0
0.2406,0.1701,0
0.3253,0.1296,0
0.2789,0.1214,0
0.3146,0.123,0
0.257,0.1237,0
0.3384,0.1215,0
0.3552,0.1216,0
0.3257,0.1214,0
0.3244,0.1241,0
0.2528,0.124,0
0.3347,0.1219,0
0.2484,0.1251,0
0.3271,0.1241,0
0.3431,0.1237,0
0.3348,0.1239,0
0.3324,0.1242,0
0.3305,0.121,0
0.2417,0.1225,0
0.2998,0.1231,0
0.3004,0.2429,0
0.271,0.1217,0
0.2944,0.1279,0
0.2552,0.1199,0
0.2476,0.1207,0
0.2227,0.1225,0
0.2403,0.122,0
0.2443,0.1262,0
0.3331,0.1243,0
0.3377,0.1311,0
0.2411,0.1587,0
0.3044,0.1184,0
0.2875,0.211,0
0.279,0.1216,0
0.2504,0.1818,0
0.3367,0.1358,0
0.2449,0.1218,0
0.252,0.118,0
0.2137,0.1836,0
0.2195,0.1297,0
0.2273,0.1235,0
0.345,0.1819,0
0.2393,0.1645,0
0.3233,0.1861,0
0.2207,0.1732,0
0.3207,0.1273,0
0.3212,0.1233,0
0.3182,0.124,0
0.3188,0.1235,0
0.3443,0.1266,0
0.3373,0.1258,0
0.3224,0.1256,0
0.3252,0.1259,0
0.3182,0.1228,0
0.2331,0.1247,0
0.3153,0.1229,0
0.297,0.127,0
0.3019,0.1244,0
0.2934,0.1221,0
0.2324,0.1276,0
0.2249,0.1245,0
0.3272,0.1273,0
0.3246,0.1232,0
0.3024,0.1261,0
0.316,0.1256,0
0.2979,0.1259,0
0.3288,0.1198,0
0.2431,0.1247,0
0.2865,0.1235,0
0.2303,0.1198,0
0.3267,0.1206,0
0.2661,0.1219,0
0.2387,0.1699,0
0.3201,0.1191,0
0.2623,0.121,0
0.3427,0.1233,0
0.2142,0.124,0
0.2893,0.1248,0
0.3242,0.1246,0
0.188,0.1255,0
0.1906,0.1265,0
0.2031,0.128,0
0.2705,0.1276,0
0.2838,0.1272,0
0.0584,0.1204,1
0.1073,0.1185,1
0.2253,0.1212,1
0.23,0.1153,1
0.1242,0.1183,1
0.1076,0.1261,1
0.1408,0.1259,1
0.1058,0.1204,1
0.1319,0.1241,1
0.1844,0.1274,1
0.1374,0.1255,1
0.175,0.125,1
0.1141,0.1254,1
0.1872,0.1242,1
0.2267,0.1239,1
0.1356,0.1221,1
0.2155,0.1215,1
0.2263,0.1212,1
0.2091,0.1218,1
0.1094,0.1208,1
0.2278,0.1206,1
0.2278,0.1203,1
0.2216,0.1221,1
0.2154,0.122,1
0.2246,0.124,1
0.2247,0.1249,1
0.2235,0.1235,1
0.2269,0.124,1
0.209,0.122,1
0.2284,0.1245,1
0.2217,0.1225,1
0.2284,0.125,1
0.1874,0.6843,1
0.2652,0.8609,1
0.2675,1.0645,1
0.2612,1.1094,1
0.2551,1.1364,1
0.2399,0.9005,1
0.2023,0.5977,1
0.2078,0.1213,1
0.2024,0.1212,1
0.2157,0.1231,1
0.2244,0.1245,1
0.2267,0.1241,1
0.2169,0.1238,1
0.283,0.7456,1
0.2252,0.8315,1
0.1751,0.6198,1
0.2298,0.8576,1
0.2233,0.6515,1
0.2105,0.6766,1
0.2421,0.7654,1
0.2461,0.4546,1
0.1367,0.1232,1
0.1494,0.1236,1
0.1866,0.1199,1
0.2293,0.1249,1
0.2205,0.1258,1
0.2268,0.1255,1
0.1169,0.125,1
0.2084,0.2318,1
0.1287,0.1227,1
0.1395,0.1236,1
0.1004,0.125,1
0.1354,0.1248,1
0.227,0.124,1
0.2941,0.5131,1
0.2296,0.6217,1
0.2256,0.891,1
0.137,0.9077,1
0.0924,0.9794,1
0.1836,0.988,1
0.1801,0.8268,1
0.1653,0.3953,1
0.2207,0.2482,1
0.2274,0.1192,1
0.2024,0.1227,1
0.2276,0.1219,1
0.1297,0.1229,1
0.1825,0.1256,1
0.0923,0.1236,1
0.2258,0.1268,1
0.2294,0.1284,1
0.2247,0.1313,1
0.1374,0.1258,1
0.2285,0.1251,1
0.1214,0.122,1
0.212,0.1231,1
0.2294,0.1239,1
0.1635,0.1239,1
0.2248,0.1246,1
0.2295,0.125,1
0.2178,0.1218,1
0.219,0.1244,1
0.2248,0.1228,1
0.1846,0.1291,1
0.1398,0.1257,1
0.2191,0.1184,1
0.2225,0.124,1
0.1261,0.1234,1
0.1935,0.1233,1
0.1977,0.139,1
0.1789,0.1179,1
0.1625,0.1195,1
0.1776,0.1204,1
0.1784,0.1196,1
0.1506,0.1235,1
0.1522,0.133,1
0.1421,0.1307,1
0.1357,0.1226,1
0.2015,0.1321,1
0.1915,0.1241,1
0.2248,0.1232,1
0.2035,0.1227,1
0.1716,0.126,1
0.1768,0.125,1
0.1813,0.1234,1
0.1586,0.1254,1
0.138,0.1241,1
0.1856,0.125,1
0.1421,0.1261,1
0.2263,0.1275,1
0.2257,0.1267,1
0.212,0.1273,1
0.1918,0.1276,1
0.201,0.1272,1
0.1888,0.1277,1
0.1531,0.1279,1
0.1269,0.1169,1
0.1777,0.1221,1
0.1182,0.1221,1
0.1868,0.1248,1
0.1996,0.131,1
0.1758,0.1216,1
0.1135,0.1153,1
0.2206,0.1209,1
0.2269,0.1248,1
0.1359,0.1214,1
0.2197,0.1215,1
0.2021,0.1204,1
0.1282,0.1182,1
0.1185,0.1206,1
0.1953,0.1214,1
0.1684,0.1184,1
0.1908,0.1204,1
0.1966,0.1197,1
0.1966,0.1193,1
0.2029,0.1191,1
0.2065,0.1206,1
0.2015,0.118,1
0.2008,0.1202,1
0.2017,0.1197,1
0.209,0.1201,1
0.2055,0.1185,1
0.2172,0.1199,1
0.1962,0.1226,1
0.2024,0.1207,1
0.2019,0.1191,1
0.1934,0.1179,1
0.2058,0.1201,1
0.2014,0.1193,1
0.2114,0.1207,1
0.1915,0.1214,1
0.2043,0.1205,1
0.2031,0.1209,1
0.1939,0.1216,1
0.2034,0.1177,1
0.2,0.1206,1
0.1952,0.1197,1
0.2134,0.121,1
0.1955,0.1196,1
0.1928,0.12,1
0.2074,0.1197,1
0.1962,0.1204,1
0.203,0.119,1
0.2018,0.1219,1
0.2125,0.12,1
0.2091,0.1193,1
0.2137,0.1194,1
0.2046,0.1185,1
0.2191,0.1195,1
0.198,0.1209,1
0.2053,0.1195,1
0.202,0.119,1
0.1994,0.1203,1
0.2038,0.1206,1
0.208,0.1214,1
0.1961,0.12,1
0.2188,0.1204,1
0.2056,0.1185,1
0.1669,0.12,1
0.1996,0.1211,1
0.1915,0.1213,1
0.2081,0.1223,1
0.203,0.118,1
0.2141,0.1204,1
0.2042,0.1187,1
0.1974,0.119,1
0.2074,0.1206,1
0.207,0.1216,1
0.2001,0.1205,1
0.1981,0.1208,1
0.1989,0.1221,1
0.1994,0.1182,1
0.2057,0.1185,1
0.2117,0.1199,1
0.2103,0.1194,1
0.212,0.1187,1
0.2004,0.1197,1
0.2055,0.1198,1
0.1208,0.1203,1
0.2081,0.1181,1
0.2006,0.1218,1
0.2032,0.1181,1
0.2029,0.119,1
0.2059,0.12,1
0.2039,0.1192,1
0.2129,0.1209,1
0.2027,0.1173,1
0.2062,0.1214,1
0.2044,0.1226,1
0.205,0.119,1
0.2101,0.117,1
0.2047,0.1212,1
0.1993,0.1176,1
0.1979,0.1189,1
0.208,0.1197,1
0.2009,0.1192,1
0.2233,0.1202,1
0.125,0.1199,1
0.1728,0.1167,1
0.1532,0.1172,1
0.1732,0.1184,1
0.1779,0.1198,1
0.1778,0.1178,1
0.1652,0.1191,1
0.1746,0.1185,1
0.1785,0.1184,1
0.1768,0.1186,1
0.1862,0.1189,1
0.195,0.1201,1
0.2098,0.1213,1
0.2065,0.1225,1
0.1968,0.1204,1
0.2054,0.1222,1
0.1931,0.1219,1
0.2231,0.1211,1
0.1615,0.1195,1
0.1757,0.1193,1
0.1795,0.1213,1
0.2007,0.1206,1
0.1911,0.1218,1
0.1956,0.1212,1
0.1793,0.1209,1
0.1801,0.1211,1
0.1896,0.1214,1
0.1893,0.1217,1
0.1983,0.1217,1
0.192,0.12,1
0.1479,0.1174,1
0.1658,0.1204,1
0.1832,0.1178,1
0.142,0.1181,1
0.2223,0.1188,1
0.2073,0.1175,1
0.1642,0.1216,1
0.2104,0.1188,1
0.2156,0.1195,1
0.0729,0.1269,1
0.2293,0.1219,1
0.1962,0.1261,1
0.2012,0.1478,1
0.12,0.1187,1
0.1861,0.1201,1
0.3115,0.1695,0
0.2792,0.1192,0
0.2677,0.1201,0
0.3053,0.1224,0
0.2827,0.1218,0
0.2951,0.1203,0
0.3154,0.1212,0
0.2924,0.1212,0
0.2967,0.1191,0
0.2956,0.1212,0
0.2979,0.1206,0
0.2996,0.1219,0
0.2732,0.1212,0
0.2232,0.1219,0
0.2798,0.1212,0
0.0637,0.1234,0
0.2776,0.1193,0
0.295,0.1199,0
0.2616,0.1226,0
0.3014,0.1226,0
0.2857,0.1228,0
0.313,0.1216,0
0.3098,0.1215,0
0.2985,0.1239,0
0.2844,0.1195,0
0.2615,0.1182,0
0.294,0.1194,0
0.2846,0.1184,0
0.2796,0.1195,0
0.287,0.1169,0
0.2798,0.124,0
0.2643,0.1209,0
0.2704,0.1193,0
0.2785,0.118,0
0.2918,0.1202,0
0.2887,0.1203,0
0.2869,0.1174,0
0.2716,0.1215,0
0.273,0.1196,0
0.2778,0.1202,0
0.2795,0.1219,0
0.25,0.1161,0
0.269,0.1226,0
0.2702,0.1218,0
0.2774,0.1214,0
0.2514,0.125,0
0.2805,0.4799,0
0.2844,0.1258,0
0.2665,0.1544,0
0.2789,0.1164,0
0.2927,0.1184,0
0.2858,0.1187,0
0.2937,0.118,0
0.2984,0.1193,0
0.2282,0.1215,0
0.2867,0.1231,0
0.2887,0.1202,0
0.2808,0.1201,0
0.2732,0.1193,0
0.2507,0.1233,0
0.2723,0.1227,0
0.3427,0.1227,0
0.2895,0.1231,0
0.2966,0.1227,0
0.2641,0.123,0
0.2883,0.1243,0
0.3055,0.1185,0
0.2889,0.1178,0
0.3082,0.1197,0
0.3112,0.1182,0
0.2933,0.1199,0
0.2925,0.1192,0
0.2921,0.1195,0
0.2448,0.1195,0
0.2988,0.1204,0
0.2967,0.1216,0
0.297,0.1211,0
0.279,0.1212,0
0.2878,0.1203,0
0.2999,0.1208,0
0.2998,0.1188,0
0.3119,0.1198,0
0.2968,0.1206,0
0.2908,0.1207,0
0.2869,0.1211,0
0.1278,0.1225,0
0.2879,0.122,0
0.2894,0.1211,0
0.2901,0.1207,0
0.2833,0.1214,0
0.3028,0.1229,0
0.2986,0.1228,0
0.3142,0.1215,0
0.2907,0.1213,0
0.3167,0.121,0
0.3015,0.1211,0
0.3063,0.1214,0
0.2998,0.1217,0
0.1412,0.123,0
0.3411,0.1224,0
0.3257,0.122,0
0.3311,0.1228,0
0.3407,0.1219,0
0.331,0.1224,0
0.3472,0.1216,0
0.3341,0.123,0
0.329,0.1229,0
0.3363,0.1216,0
0.3444,0.1213,0
0.3518,0.1214,0
0.3602,0.1229,0
0.3562,0.1223,0
0.0323,0.1223,0
0.3309,0.1235,0
0.3135,0.1212,0
0.3002,0.1222,0
0.3016,0.1228,0
0.2788,0.1227,0
0.2959,0.1157,0
0.3117,0.1201,0
0.3127,0.1198,0
0.2926,0.1201,0
0.2847,0.121,0
0.2641,0.1211,0
0.265,0.1191,0
0.2587,0.1209,0
0.0742,0.1233,0
0.2688,0.1207,0
0.2443,0.119,0
0.2597,0.1202,0
0.2483,0.1218,0
0.2591,0.1217,0
0.2834,0.1211,0
0.2555,0.12,0
0.3051,0.1204,0
0.2797,0.1225,0
0.2725,0.123,0
0.2974,0.1213,0
0.301,0.122,0
0.3154,0.1225,0
0.2968,0.1219,0
0.3042,0.1223,0
0.2908,0.1231,0
0.3277,0.122,0
0.2917,0.1204,0
0.2935,0.1237,0
0.2809,0.1222,0
0.2922,0.1216,0
0.3118,0.1224,0
0.2966,0.1221,0
0.292,0.1231,0
0.3056,0.1224,0
0.3021,0.1222,0
0.2944,0.1214,0
0.305,0.1201,0
0.2873,0.1216,0
0.3041,0.1227,0
0.3076,0.1221,0
0.1301,0.1217,0
0.3055,0.123,0
0.3096,0.1223,0
0.2884,0.1221,0
0.3144,0.1214,0
0.3325,0.1222,0
0.3285,0.1221,0
0.315,0.1222,0
0.2998,0.1217,0
0.2992,0.1226,0
0.3058,0.1224,0
0.3006,0.1223,0
0.32,0.1216,0
0.3203,0.1212,0
0.3153,0.1214,0
0.2894,0.1224,0
0.3183,0.1227,0
0.3055,0.1202,0
0.3211,0.1222,0
0.0591,0.1205,0
0.2872,0.1236,0
0.3089,0.1212,0
0.3096,0.1225,0
0.2684,0.1209,0
0.2707,0.1214,0
0.3067,0.1231,0
0.3064,0.1211,0
0.2982,0.1218,0
0.2738,0.1195,0
0.2952,0.1173,0
0.2848,0.1184,0
0.2854,0.1184,0
0.2897,0.119,0
0.2899,0.1189,0
0.3068,0.1204,0
0.3055,0.1198,0
0.3166,0.1178,0
0.3268,0.1195,0
0.3311,0.1194,0
0.3256,0.1177,0
0.326,0.1183,0
0.3297,0.1202,0
0.3519,0.1213,0
0.3422,0.1234,0
0.3298,0.1158,0
0.2532,0.1155,0
0.3072,0.1218,0
0.3054,0.1235,0
0.3117,0.1187,0
0.2942,0.122,0
0.0454,0.1226,0
0.2845,0.122,0
0.0543,0.1225,0
0.274,0.1212,0
0.2864,0.1195,0
0.3003,0.1227,0
0.2622,0.1207,0
0.3023,0.1217,0
0.3014,0.1212,0
0.2794,0.1219,0
0.2993,0.1216,0
0.3014,0.1172,0
0.3195,0.1214,0
0.2897,0.1222,0
0.2825,0.1202,0
0.3301,0.1195,0
0.3264,0.1203,0
0.308,0.1193,0
0.311,0.1215,0
0.2884,0.1218,0
0.2919,0.121,0
0.2915,0.1223,0
0.2886,0.1211,0
0.3047,0.1208,0
0.3009,0.1207,0
0.286,0.1202,0
0.3033,0.1212,0
0.307,0.1227,0
0.2984,0.1228,0
0.2964,0.1204,0
0.292,0.1175,0
0.2766,0.1234,0
0.2674,0.1237,0
0.2486,0.1222,0
0.2481,0.1208,0
0.2394,0.1207,0
0.2602,0.1212,0
0.2986,0.1207,0
0.3046,0.119,0
0.2812,0.1223,0
0.2832,0.124,0
0.2839,0.1227,0
0.0828,0.1221,0
0.2955,0.1214,0
0.2902,0.1232,0
0.2943,0.1233,0
0.281,0.1175,0
0.3064,0.1171,0
0.2947,0.1191,0
0.3126,0.1428,0
0.3103,0.1433,0
0.2902,0.1186,0
0.2926,0.1533,0
0.3003,0.1188,0
0.298,0.1178,0
0.2977,0.1179,0
0.2927,0.1191,0
0.2806,0.1185,0
0.3159,0.1205,0
0.3066,0.1162,0
0.2954,0.1192,0
0.2939,0.1169,0
0.255,0.1853,0
0.2792,0.1197,0
0.2856,0.1183,0
0.2987,0.1197,0
0.281,0.1189,0
0.3047,0.1188,0
0.2982,0.118,0
0.2929,0.1156,0
0.2854,0.1211,0
0.2977,0.1225,0
0.2887,0.122,0
0.2926,0.122,0
0.2942,0.123,0
0.2715,0.1179,0
0.2952,0.1171,0
0.2852,0.1193,0
0.2928,0.1169,0
0.2981,0.1174,0
0.25,0.118,0
0.2879,0.1185,0
0.2667,0.1185,0
0.2914,0.1191,0
0.2968,0.1182,0
0.2943,0.1177,0
0.3015,0.1185,0
0.2859,0.1193,0
0.2732,0.1192,0
0.2763,0.121,0
0.2804,0.1205,0
0.2759,0.1224,0
0.3133,0.123,0
0.2909,0.1219,0
0.3049,0.1236,0
0.3065,0.1229,0
0.2984,0.1229,0
0.2924,0.1221,0
0.2979,0.1224,0
0.0873,0.1234,0
0.2749,0.1235,0
0.2727,0.1222,0
0.2911,0.1219,0
0.2988,0.123,0
0.2932,0.1233,0
0.2904,0.1224,0
0.2221,0.1236,0
0.3027,0.1224,0
0.3065,0.1223,0
0.2831,0.1168,0
0.2919,0.1199,0
0.2789,0.1189,0
0.3041,0.1206,0
0.3142,0.1241,0
0.3063,0.1224,0
0.2931,0.1214,0
0.294,0.1208,0
0.2893,0.1244,0
0.313,0.1172,0
0.3041,0.12,0
0.2666,0.1192,0
0.3028,0.121,0
0.3049,0.12,0
0.2906,0.119,0
0.2926,0.1204,0
0.3001,0.1197,0
0.3137,0.1222,0
0.3003,0.121,0
0.292,0.1206,0
0.2932,0.1203,0
0.2906,0.1213,0
0.0598,0.1227,0
0.2883,0.1206,0
0.2878,0.1211,0
0.2881,0.1199,0
0.2878,0.1206,0
0.2846,0.1208,0
0.0359,0.1225,0
0.3049,0.1209,0
0.2877,0.12,0
0.2937,0.122,0
0.3024,0.1218,0
0.293,0.1199,0
0.2997,0.1217,0
0.2936,0.1172,0
0.3089,0.1188,0
0.326,0.1189,0
0.2976,0.1169,0
0.2922,0.1319,0
0.3059,0.1171,0
0.2753,0.1164,0
0.2801,0.1173,0
0.2843,0.1176,0
0.287,0.1203,0
0.2854,0.1179,0
0.2795,0.1218,0
0.2966,0.1219,0
0.2697,0.1177,0
0.2628,0.119,0
0.2474,0.1218,0
0.2706,0.1228,0
0.2438,0.1213,0
0.2464,0.1231,0
0.2431,0.1213,0
0.2714,0.1224,0
0.2827,0.1211,0
0.2992,0.12,0
0.2685,0.1211,0
0.2766,0.1197,0
0.2725,0.1203,0
0.2888,0.1217,0
0.2822,0.1175,0
0.3035,0.1182,0
0.2932,0.1186,0
0.2912,0.1204,0
0.3143,0.1204,0
0.3671,0.1179,0
0.3009,0.122,0
0.164,0.1229,0
0.3005,0.121,0
0.2966,0.1221,0
0.2786,0.121,0
0.3137,0.1167,0
0.3193,0.1172,0
0.3005,0.1178,0
0.3124,0.118,0
0.3272,0.1184,0
0.3107,0.1205,0
0.3211,0.1175,0
0.3084,0.1164,0
0.3025,0.1165,0
0.2854,0.1173,0
0.2866,0.1173,0
0.2925,0.1195,0
0.2808,0.1168,0
0.3045,0.1188,0
0.3259,0.1147,0
0.279,0.1198,0
0.3063,0.1187,0
0.2874,0.1182,0
0.2757,0.1183,0
0.2865,0.1174,0
0.286,0.1188,0
0.2867,0.122,0
0.2688,0.1187,0
0.2704,0.1198,0
0.2718,0.1195,0
0.3197,0.1238,0
0.2814,0.1218,0
0.2865,0.1217,0
0.3068,0.1174,0
0.3067,0.1169,0
0.3079,0.1191,0
0.3059,0.1176,0
0.2853,0.119,0
0.2741,0.1205,0
0.3187,0.1198,0
0.3037,0.1198,0
0.3137,0.1193,0
0.3038,0.1191,0
0.3076,0.1181,0
0.2903,0.1188,0
0.2911,0.1186,0
0.295,0.1184,0
0.2871,0.1187,0
0.2902,0.1192,0
0.3046,0.1193,0
0.2798,0.1191,0
0.2909,0.1201,0
0.2856,0.1187,0
0.2956,0.1214,0
0.2972,0.1194,0
0.2881,0.1198,0
0.225,0.1185,0
0.327,0.1197,0
0.2939,0.1213,0
0.3196,0.1182,0
0.2818,0.1199,0
0.3126,0.1208,0
0.3007,0.1194,0
0.2629,0.1211,0
0.2671,0.1215,0
0.2778,0.1221,0
0.3007,0.1232,0
0.2974,0.1216,0
0.3049,0.1208,0
0.324,0.1191,0
0.2928,0.1184,0
0.2773,0.1169,0
0.33,0.1216,0
0.2551,0.1184,0
0.3009,0.1187,0
0.287,0.119,0
0.2971,0.1184,0
0.2791,0.1178,0
0.277,0.1179,0
0.2848,0.1178,0
0.2759,0.1182,0
0.2804,0.12,0
0.282,0.1186,0
0.3043,0.1195,0
0.2948,0.1186,0
0.047,0.121,0
0.3019,0.1198,0
0.3142,0.1183,0
0.2861,0.1201,0
0.2933,0.1195,0
0.3498,0.1198,0
0.0422,0.1203,0
0.2609,0.1186,0
0.2882,0.1186,0
0.2722,0.1191,0
0.3179,0.1213,0
0.2853,0.1206,0
0.2964,0.1188,0
0.2963,0.1197,0
0.3078,0.1217,0
0.2949,0.1208,0
0.276,0.118,0
0.2862,0.1212,0
0.2858,0.1204,0
0.2856,0.1204,0
0.2675,0.1199,0
0.2886,0.119,0
0.288,0.1231,0
0.3052,0.1202,0
0.3121,0.1185,0
0.2555,0.1193,0
0.2523,0.1213,0
0.2692,0.1177,0
0.2863,0.1241,0
0.2797,0.1218,0
0.2609,0.1198,0
0.282,0.1208,0
0.2566,0.1212,0
0.3021,0.1223,0
0.2792,0.1235,0
0.2775,0.1214,0
0.264,0.121,0
0.2584,0.1232,0
0.2448,0.1225,0
0.2513,0.1216,0
0.0558,0.1222,0
0.2862,0.121,0
0.2715,0.1217,0
0.2517,0.1208,0
0.2374,0.1217,0
0.25,0.1224,0
0.2393,0.1217,0
0.2792,0.1208,0
0.2547,0.121,0
0.2648,0.1217,0
0.2641,0.1201,0
0.2749,0.1221,0
0.2974,0.1217,0
0.2805,0.121,0
0.27,0.1227,0
0.2962,0.1179,0
0.2887,0.1217,0
0.0596,0.1214,0
0.2789,0.1189,0
0.276,0.1198,0
0.2704,0.1193,0
0.2154,0.1221,0
0.2967,0.1187,0
0.2745,0.1183,0
0.2727,0.121,0
0.2771,0.1212,0
0.2571,0.1222,0
0.2669,0.1215,0
0.2478,0.1199,0
0.2568,0.122,0
0.263,0.121,0
0.284,0.1206,0
0.2986,0.1221,0
0.2732,0.1214,0
0.2677,0.1218,0
0.2707,0.1204,0
0.2685,0.1215,0
0.2515,0.1205,0
0.2885,0.1215,0
0.2941,0.1224,0
0.2804,0.1215,0
0.2814,0.1205,0
0.2665,0.1224,0
0.2845,0.1229,0
0.2869,0.1226,0
0.285,0.1223,0
0.2916,0.1228,0
0.2488,0.1221,0
0.2811,0.1221,0
0.2709,0.1219,0
0.2717,0.1227,0
0.2852,0.1215,0
0.2914,0.1179,0
0.2896,0.1187,0
0.294,0.1192,0
0.2995,0.1216,0
0.2995,0.1187,0
0.2794,0.1224,0
0.2982,0.1199,0
0.2758,0.1192,0
0.2839,0.1212,0
0.2685,0.1217,0
0.2758,0.121,0
0.0865,0.1207,0
0.2726,0.1226,0
0.29,0.1215,0
0.2502,0.12,0
0.2697,0.121,0
0.2684,0.1231,0
0.2668,0.1197,0
0.2666,0.1239,0
0.2509,0.1207,0
0.2895,0.1225,0
0.2818,0.1211,0
0.2582,0.1217,0
0.2815,0.1239,0
0.256,0.1216,0
0.2848,0.1234,0
0.2414,0.12,0
0.2498,0.1242,0
0.2711,0.1206,0
0.2736,0.1228,0
0.278,0.1224,0
0.2745,0.1238,0
0.2552,0.1238,0
0.2527,0.1217,0
0.2351,0.1222,0
0.2531,0.122,0
0.2589,0.1209,0
0.0565,0.1197,1
0.2227,0.1176,1
0.1849,0.116,1
0.0523,0.1193,1
0.213,0.1216,1
0.2206,0.1206,1
0.0857,0.1191,1
0.2211,0.1164,1
0.1473,0.1166,1
0.1403,0.1235,1
0.0765,0.1259,1
0.2182,0.1183,1
0.0431,0.1183,1
0.157,0.1165,1
0.161,0.1166,1
0.2124,0.1171,1
0.0968,0.118,1
0.1506,0.1253,1
0.2243,0.127,1
0.0573,0.1245,1
0.204,0.1251,1
0.057,0.122,1
0.0368,0.122,1
0.0525,0.1224,1
0.1688,0.1156,1
0.0985,0.116,1
0.0303,0.1156,1
0.1861,0.1156,1
0.0269,0.1159,1
0.0399,0.1174,1
0.2281,0.1155,1
0.1858,0.1186,1
0.2246,0.1172,1
0.1897,0.1165,1
0.0922,0.1168,1
0.1459,0.116,1
0.0296,0.1173,1
0.1718,0.1158,1
0.0612,0.1178,1
0.1986,0.1165,1
0.0716,0.1173,1
0.1243,0.1176,1
0.1966,0.1156,1
0.1976,0.1179,1
0.2233,0.1189,1
0.2045,0.1163,1
0.0383,0.1179,1
0.2234,0.1185,1
0.0307,0.1188,1
0.0613,0.1177,1
0.2117,0.1252,1
0.1258,0.1267,1
0.2203,0.1255,1
0.1242,0.1259,1
0.171,0.1262,1
0.1863,0.1267,1
0.0916,0.1247,1
0.2278,0.126,1
0.2205,0.1273,1
0.1489,0.1264,1
0.0907,0.1259,1
0.1611,0.1232,1
0.1295,0.1268,1
0.07,0.1282,1
0.1199,0.1278,1
0.1777,0.1271,1
0.1521,0.1254,1
0.1168,0.1264,1
0.2196,0.1253,1
0.183,0.1251,1
0.219,0.1262,1
0.2276,0.1187,1
0.2198,0.1188,1
0.0402,0.1173,1
0.0462,0.118,1
0.0947,0.1173,1
0.1796,0.1169,1
0.0456,0.1178,1
0.0601,0.1167,1
0.1935,0.1165,1
0.219,0.117,1
0.0474,0.1161,1
0.053,0.1164,1
0.2266,0.1163,1
0.2015,0.1155,1
0.1613,0.1188,1
0.0953,0.1248,1
0.0793,0.127,1
0.1726,0.1225,1
0.039,0.1231,1
0.1784,0.1226,1
0.1538,0.1227,1
0.1964,0.1224,1
0.0764,0.1199,1
0.0541,0.1207,1
0.0452,0.1177,1
0.1894,0.1182,1
0.1822,0.1186,1
0.0381,0.127,1
0.1345,0.1251,1
0.0629,0.1274,1
0.1501,0.1265,1
0.0496,0.1185,1
0.0669,0.1164,1
0.1733,0.1174,1
0.2289,0.1164,1
0.0563,0.1174,1
0.2111,0.1189,1
0.0621,0.1173,1
0.0391,0.1174,1
0.0438,0.1173,1
0.2217,0.1197,1
0.1191,0.1174,1
0.2033,0.1182,1
0.2218,0.1175,1
0.0619,0.1183,1
0.1375,0.1175,1
0.1473,0.1178,1
0.0869,0.1164,1
0.2158,0.1175,1
0.0325,0.1171,1
0.0312,0.1166,1
0.0572,0.1176,1
0.052,0.12,1
0.1846,0.1277,1
0.0857,0.1275,1
0.0471,0.1269,1
0.0456,0.1262,1
0.0505,0.1272,1
0.2161,0.1254,1
0.0682,0.1251,1
0.1944,0.1231,1
0.1379,0.1234,1
0.0463,0.1218,1
0.0757,0.1233,1
0.0431,0.1212,1
0.1897,0.1231,1
0.1469,0.1234,1
0.0709,0.1163,1
0.2158,0.1156,1
0.2179,0.1177,1
0.2208,0.1189,1
0.21,0.119,1
0.0503,0.1189,1
0.1371,0.1178,1
0.1139,0.1183,1
0.0417,0.1188,1
0.0336,0.1191,1
0.2099,0.1171,1
0.2141,0.116,1
0.1603,0.1166,1
0.2079,0.1182,1
0.1478,0.1162,1
0.1701,0.1173,1
0.0473,0.1164,1
0.0457,0.1153,1
0.1787,0.1164,1
0.0424,0.1174,1
0.2281,0.1168,1
0.1678,0.1174,1
0.0435,0.1169,1
0.1625,0.1177,1
0.0621,0.1162,1
0.1795,0.1153,1
0.044,0.1165,1
0.049,0.1158,1
0.1482,0.1171,1
0.2092,0.1165,1
0.0511,0.118,1
0.2148,0.1178,1
0.0494,0.1169,1
0.1161,0.1303,1
0.1142,0.1306,1
0.1148,0.1267,1
0.1492,0.1284,1
0.1849,0.1287,1
0.0999,0.1297,1
0.1219,0.1294,1
0.1969,0.1301,1
0.0908,0.1309,1
0.0828,0.1266,1
0.1092,0.1289,1
0.1337,0.1287,1
0.1281,0.1298,1
0.2204,0.1278,1
0.2254,0.1296,1
0.1928,0.1293,1
0.2183,0.1297,1
0.0817,0.1209,1
0.1748,0.1266,1
0.0966,0.129,1
0.2187,0.1301,1
0.1056,0.1285,1
0.2202,0.1285,1
0.1962,0.1293,1
0.1951,0.1293,1
0.1029,0.1304,1
0.1471,0.1262,1
0.0959,0.129,1
0.2271,0.1284,1
0.1382,0.127,1
0.0844,0.1278,1
0.2083,0.1302,1
0.1265,0.1291,1
0.0914,0.1293,1
0.1639,0.1281,1
0.2282,0.1284,1
0.1478,0.1293,1
0.0999,0.1311,1
0.211,0.1288,1
0.1026,0.1318,1
0.1932,0.1406,1
0.1544,0.1232,1
0.1804,0.1355,1
0.1287,0.1308,1
0.1947,0.1319,1
0.0863,0.1271,1
0.1902,0.1277,1
0.1487,0.1234,1
0.2109,0.1254,1
0.1967,0.1285,1
0.1784,0.1307,1
0.1303,0.1299,1
0.0884,0.1297,1
0.1123,0.1311,1
0.1342,0.1294,1
0.1863,0.1314,1
0.1872,0.1297,1
0.1025,0.1298,1
0.1492,0.1258,1
0.123,0.1238,1
0.081,0.1288,1
0.0715,0.1305,1
0.2258,0.1348,1
0.2291,0.1309,1
0.1212,0.1309,1
0.1381,0.1313,1
0.1967,0.132,1
0.1556,0.1327,1
0.0819,0.1293,1
0.2136,0.1295,1
0.1234,0.1312,1
0.1901,0.13,1
0.2055,0.1293,1
0.1004,0.1315,1
0.1123,0.1235,1
0.1075,0.1271,1
0.1458,0.1257,1
0.1584,0.1287,1
0.1065,0.1288,1
0.1375,0.1298,1
0.2056,0.1301,1
0.179,0.1297,1
0.2024,0.1303,1
0.2121,0.1293,1
0.1972,0.1242,1
0.1262,0.1318,1
0.1004,0.1313,1
0.1881,0.1286,1
0.2194,0.1304,1
0.1984,0.1299,1
0.128,0.1294,1
0.1187,0.1304,1
0.1265,0.1297,1
0.113,0.1328,1
0.0873,0.1299,1
0.0968,0.1315,1
0.0977,0.1316,1
0.2163,0.1318,1
0.1919,0.1319,1
0.1792,0.1309,1
0.2162,0.1302,1
0.1386,0.1292,1
0.2165,0.1302,1
0.1144,0.1296,1
0.101,0.1284,1
0.2049,0.1295,1
0.2004,0.1272,1
0.1853,0.1287,1
0.1247,0.1289,1
0.1195,0.1291,1
0.2271,0.13,1
0.0367,0.1202,1
0.1292,0.1242,1
0.1792,0.1269,1
0.1045,0.1285,1
0.104,0.1307,1
0.2148,0.126,1
0.2287,0.1196,1
0.222,0.122,1
0.1528,0.126,1
0.0882,0.1278,1
0.0967,0.1291,1
0.1392,0.1267,1
0.1138,0.1277,1
0.0749,0.128,1
0.0927,0.1297,1
0.1009,0.1281,1
0.0865,0.1307,1
0.1238,0.1292,1
0.088,0.1264,1
0.2187,0.1287,1
0.1014,0.1304,1
0.0962,0.1304,1
0.2218,0.1304,1
0.0828,0.1235,1
0.1253,0.1287,1
0.1009,0.1282,1
0.1134,0.132,1
0.1336,0.1289,1
0.1221,0.1292,1
0.0833,0.1293,1
0.2079,0.1285,1
0.2225,0.1288,1
0.0896,0.1284,1
0.2031,0.1295,1
0.1642,0.1283,1
0.0765,0.128,1
0.0819,0.1281,1
0.0906,0.1256,1
0.175,0.1257,1
0.1118,0.1234,1
0.209,0.1237,1
0.1695,0.1272,1
0.221,0.1288,1
0.117,0.1306,1
0.0961,0.1309,1
0.1771,0.1228,1
0.1248,0.1258,1
0.1136,0.1252,1
0.1305,0.1256,1
0.2217,0.1256,1
0.2275,0.1262,1
0.1473,0.1285,1
0.1512,0.1281,1
0.106,0.1297,1
0.1165,0.1257,1
0.119,0.1285,1
0.1983,0.1271,1
0.1789,0.1281,1
0.111,0.1289,1
0.2074,0.1303,1
0.0899,0.1299,1
0.0948,0.1301,1
0.3138,0.1225,0
0.2936,0.1298,0
0.2869,0.1241,0
0.2764,0.1189,0
0.2761,0.1587,0
0.2766,0.1197,0
0.2755,0.1192,0
0.2778,0.1203,0
0.2922,0.1204,0
0.3021,0.12,0
0.3027,0.1219,0
0.2382,0.1225,0
0.2995,0.1222,0
0.2886,0.1206,0
0.2973,0.121,0
0.2913,0.1226,0
0.2869,0.1189,0
0.289,0.119,0
0.2636,0.1191,0
0.2646,0.1198,0
0.3061,0.1207,0
0.3134,0.1193,0
0.2916,0.1202,0
0.2464,0.1202,0
0.2613,0.1217,0
0.2574,0.121,0
0.2819,0.1215,0
0.2789,0.12,0
0.2769,0.1216,0
0.2537,0.1204,0
0.2622,0.1204,0
0.2507,0.1204,0
0.246,0.1215,0
0.2316,0.1314,0
0.2509,0.1188,0
0.2599,0.1204,0
0.2387,0.1256,0
0.2326,0.1209,0
0.2468,0.1223,0
0.2389,0.1201,0
0.2378,0.1223,0
0.2495,0.1237,0
0.2482,0.1204,0
0.2394,0.1203,0
0.2567,0.1215,0
0.2406,0.1205,0
0.2874,0.1195,0
0.2831,0.1208,0
0.2409,0.1206,0
0.2425,0.1208,0
0.2315,0.1229,0
0.2302,0.1217,0
0.2255,0.1194,0
0.2536,0.121,0
0.2557,0.12,0
0.2689,0.1202,0
0.2515,0.1824,0
0.2423,0.1213,0
0.2183,0.1204,0
0.2422,0.1204,0
0.2426,0.1214,0
0.233,0.1232,0
0.2404,0.1234,0
0.2575,0.1212,0
0.2633,0.1198,0
0.2761,0.1212,0
0.2788,0.1211,0
0.32,0.1217,0
0.3111,0.1198,0
0.2993,0.1211,0
0.3096,0.1226,0
0.2792,0.1202,0
0.2647,0.1195,0
0.2637,0.1184,0
0.2661,0.1212,0
0.2572,0.1208,0
0.2667,0.1208,0
0.256,0.1204,0
0.2643,0.1203,0
0.2585,0.1207,0
0.2518,0.121,0
0.25,0.122,0
0.2575,0.1217,0
0.2638,0.1219,0
0.263,0.1188,0
0.3131,0.1199,0
0.2266,0.1204,0
0.2617,0.1214,0
0.2539,0.1196,0
0.2598,0.1213,0
0.2575,0.1211,0
0.2739,0.1204,0
0.275,0.1215,0
0.2846,0.1208,0
0.251,0.1217,0
0.2564,0.1212,0
0.2502,0.1199,0
0.3052,0.1214,0
0.2912,0.1197,0
0.2901,0.1229,0
0.3009,0.1219,0
0.2891,0.119,0
0.2781,0.1225,0
0.2821,0.1204,0
0.2744,0.1232,0
0.2913,0.121,0
0.2774,0.1203,0
0.2717,0.1228,0
0.2759,0.1229,0
0.2691,0.1222,0
0.2635,0.1322,0
0.2644,0.1216,0
0.2639,0.1208,0
0.2684,0.1227,0
0.2571,0.1421,0
0.2618,0.139,0
0.2643,0.123,0
0.262,0.1915,0
0.2291,0.1455,0
0.2482,0.1543,0
0.2605,0.1249,0
0.2791,0.1462,0
0.2809,0.1603,0
0.2654,0.1505,0
0.2648,0.1667,0
0.267,0.1481,0
0.2286,0.1393,0
0.2904,0.1228,0
0.2657,0.121,0
0.2433,0.1193,0
0.2663,0.1216,0
0.2733,0.1209,0
0.2749,0.1206,0
0.234,0.1927,0
0.2685,0.1888,0
0.2669,0.1668,0
0.2339,0.1461,0
0.2261,0.1312,0
0.2706,0.1711,0
0.2786,0.1518,0
0.2743,0.1808,0
0.2748,0.1723,0
0.2705,0.1215,0
0.2671,0.1191,0
0.2719,0.1693,0
0.2662,0.1758,0
0.2729,0.1463,0
0.2306,0.2128,0
0.2494,0.2041,0
0.2747,0.2034,0
0.2162,0.1648,0
0.2395,0.1892,0
0.2742,0.2056,0
0.2289,0.1743,0
0.2793,0.1345,0
0.2668,0.1598,0
0.2343,0.1554,0
0.2302,0.1265,0
0.2386,0.1499,0
0.265,0.1809,0
0.2695,0.1883,0
0.2375,0.1554,0
0.2754,0.1587,0
0.2571,0.1454,0
0.2496,0.1636,0
0.2793,0.1196,0
0.2772,0.1199,0
0.3048,0.1194,0
0.2849,0.1173,0
0.3045,0.1194,0
0.2412,0.1186,0
0.2778,0.1206,0
0.2445,0.1203,0
0.1558,0.1214,0
0.2821,0.1201,0
0.2963,0.1224,0
0.2938,0.1217,0
0.2863,0.1223,0
0.2855,0.1229,0
0.245,0.1234,0
0.2803,0.1236,0
0.2733,0.1215,0
0.2563,0.1701,0
0.1008,0.1226,0
0.0881,0.1567,0
0.265,0.1782,0
0.2723,0.1832,0
0.2927,0.1688,0
0.2962,0.152,0
0.2899,0.1406,0
0.2699,0.1644,0
0.2636,0.1573,0
0.2625,0.1582,0
0.2664,0.1554,0
0.2638,0.1507,0
0.2597,0.1513,0
0.261,0.1617,0
0.2823,0.1657,0
0.2536,0.1526,0
0.2638,0.1339,0
0.2615,0.1434,0
0.2827,0.1468,0
0.2906,0.155,0
0.2781,0.1321,0
0.3118,0.1628,0
0.2917,0.1271,0
0.2389,0.1979,0
0.2339,0.1528,0
0.2254,0.148,0
0.3063,0.1639,0
0.2819,0.1322,0
0.2821,0.1498,0
0.2863,0.1581,0
0.2727,0.1559,0
0.2324,0.1562,0
0.2453,0.1441,0
0.2508,0.1515,0
0.2924,0.1526,0
0.2996,0.1183,0
0.2989,0.1953,0
0.2603,0.1219,0
0.2707,0.1195,0
0.0965,0.1202,0
0.2581,0.1668,0
0.262,0.1746,0
0.2583,0.1522,0
0.253,0.1316,0
0.2393,0.1386,0
0.2429,0.136,0
0.2537,0.1326,0
0.2478,0.1233,0
0.2409,0.1224,0
0.2471,0.1267,0
0.2436,0.1369,0
0.2681,0.1493,0
0.2774,0.1746,0
0.2959,0.1235,0
0.2913,0.1408,0
0.2857,0.1488,0
0.3066,0.1559,0
0.2717,0.1682,0
0.3254,0.141,0
0.3042,0.1435,0
0.2688,0.1537,0
0.2665,0.162,0
0.2598,0.1513,0
0.2577,0.132,0
0.2551,0.131,0
0.2313,0.1222,0
0.2319,0.1201,0
0.2425,0.1237,0
0.2148,0.1214,0
0.239,0.1236,0
0.2349,0.1219,0
0.2342,0.1223,0
0.2711,0.1224,0
0.2862,0.1223,0
0.2885,0.1223,0
0.2297,0.1225,0
0.2228,0.1204,0
0.3615,0.1245,0
0.2454,0.1254,0
0.2403,0.1222,0
0.2597,0.1232,0
0.2462,0.1197,0
0.2418,0.122,0
0.2453,0.1206,0
0.2711,0.1207,0
0.2397,0.1203,0
0.2277,0.1215,0
0.2595,0.1204,0
0.2479,0.1201,0
0.2642,0.1203,0
0.0471,0.1221,0
0.3183,0.1206,0
0.2742,0.1212,0
0.2561,0.1215,0
0.3006,0.1192,0
0.3057,0.1218,0
0.2823,0.119,0
0.2886,0.1223,0
0.269,0.1227,0
0.2642,0.1219,0
0.2575,0.1219,0
0.2566,0.1229,0
0.2163,0.1199,0
0.2486,0.121,0
0.2309,0.1203,0
0.2311,0.12,0
0.2594,0.1212,0
0.2874,0.12,0
0.2867,0.1224,0
0.2784,0.1229,0
0.2644,0.1224,0
0.2721,0.1213,0
0.2483,0.1204,0
0.2503,0.1218,0
0.2571,0.1213,0
0.2598,0.1214,0
0.2437,0.1219,0
0.2542,0.1202,0
0.2558,0.1209,0
0.2597,0.12,0
0.2492,0.1212,0
0.2479,0.1211,0
0.2568,0.1224,0
0.3008,0.125,0
0.3074,0.1175,0
0.2589,0.1206,0
0.2685,0.1208,0
0.2666,0.1201,0
0.2502,0.1222,0
0.2519,0.1186,0
0.217,0.12,0
0.2473,0.1191,0
0.2526,0.1193,0
0.2426,0.1194,0
0.2486,0.1202,0
0.2417,0.119,0
0.2556,0.1201,0
0.2492,0.1188,0
0.2658,0.1198,0
0.2728,0.1194,0
0.2584,0.1226,0
0.2566,0.1199,0
0.2604,0.1205,0
0.2579,0.1208,0
0.2554,0.1205,0
0.2596,0.1229,0
0.2426,0.1221,0
0.2198,0.1224,0
0.2103,0.1221,0
0.2398,0.1224,0
0.2457,0.1226,0
0.2163,0.1227,0
0.2293,0.1233,0
0.2239,0.1209,0
0.2444,0.1224,0
0.2677,0.1224,0
0.2664,0.1223,0
0.2793,0.1218,0
0.2384,0.1221,0
0.2394,0.1202,0
0.2561,0.1201,0
0.2525,0.1215,0
0.261,0.1215,0
0.273,0.1227,0
0.26,0.1209,0
0.2568,0.1203,0
0.257,0.1201,0
0.2427,0.1209,0
0.2672,0.1203,0
0.2544,0.1209,0
0.2777,0.1193,0
0.2417,0.1209,0
0.2624,0.1204,0
0.2622,0.1203,0
0.27,0.1217,0
0.2674,0.1216,0
0.2424,0.12,0
0.2313,0.12,0
0.2383,0.1202,0
0.261,0.1204,0
0.2605,0.1214,0
0.2521,0.1222,0
0.262,0.1207,0
0.232,0.1191,0
0.2433,0.1206,0
0.255,0.2221,0
0.2691,0.2833,0
0.2623,0.2096,0
0.2644,0.1198,0
0.2422,0.1193,0
0.2642,0.1199,0
0.2977,0.1187,0
0.3305,0.1193,0
0.335,0.12,0
0.343,0.1228,0
0.2799,0.1212,0
0.2948,0.1202,0
0.2477,0.121,0
0.23,0.1203,0
0.2369,0.1184,0
0.239,0.1208,0
0.222,0.1213,0
0.2586,0.1191,0
0.2453,0.1184,0
0.2313,0.1186,0
0.2494,0.1185,0
0.2544,0.1187,0
0.258,0.1175,0
0.2333,0.1308,0
0.2508,0.1721,0
0.2502,0.145,0
0.2554,0.1239,0
0.2545,0.1209,0
0.2535,0.1201,0
0.2668,0.1205,0
0.2582,0.1231,0
0.2437,0.1199,0
0.2587,0.1254,0
0.2355,0.1835,0
0.2578,0.1442,0
0.2267,0.1293,0
0.243,0.1239,0
0.2638,0.1226,0
0.2295,0.1226,0
0.257,0.1238,0
0.2571,0.1221,0
0.2399,0.1227,0
0.2396,0.1227,0
0.2369,0.1224,0
0.247,0.1195,0
0.2369,0.1216,0
0.2412,0.121,0
0.2387,0.1216,0
0.2185,0.1224,0
0.2389,0.1204,0
0.2639,0.1226,0
0.2412,0.1206,0
0.2237,0.1231,0
0.2347,0.1206,0
0.2345,0.1192,0
0.2365,0.1192,0
0.2396,0.1192,0
0.2534,0.1192,0
0.2369,0.1194,0
0.2619,0.1213,0
0.2576,0.1189,0
0.2601,0.1201,0
0.2512,0.1218,0
0.2378,0.1216,0
0.2374,0.1206,0
0.2503,0.1198,0
0.3387,0.1231,0
0.2335,0.1218,0
0.2276,0.1221,0
0.2352,0.1205,0
0.2276,0.1218,0
0.219,0.1204,0
0.2523,0.1229,0
0.249,0.1235,0
0.2508,0.121,0
0.2303,0.1206,0
0.2548,0.1216,0
0.2475,0.1211,0
0.2562,0.122,0
0.2554,0.1207,0
0.2501,0.1195,0
0.2256,0.1194,0
0.25,0.1194,0
0.2623,0.1194,0
0.2612,0.1223,0
0.2388,0.121,0
0.2546,0.1217,0
0.2443,0.1201,0
0.2549,0.1208,0
0.261,0.1218,0
0.2869,0.1214,0
0.2795,0.1219,0
0.281,0.1214,0
0.2578,0.1217,0
0.2391,0.1245,0
0.2541,0.1202,0
0.2514,0.1204,0
0.2607,0.1207,0
0.2565,0.1208,0
0.284,0.1213,0
0.2786,0.122,0
0.2664,0.121,0
0.2656,0.122,0
0.2653,0.1223,0
0.2532,0.1214,0
0.2483,0.1235,0
0.3169,0.1175,0
0.3297,0.1196,0
0.2751,0.1196,0
0.2682,0.1211,0
0.2627,0.1195,0
0.2559,0.1201,0
0.2224,0.1193,0
0.2552,0.12,0
0.2382,0.1195,0
0.2382,0.1208,0
0.2272,0.119,0
0.2599,0.122,0
0.2716,0.1993,0
0.2542,0.1197,0
0.2727,0.1198,0
0.2604,0.1204,0
0.2541,0.1224,0
0.2565,0.1215,0
0.242,0.1215,0
0.231,0.1207,0
0.2183,0.1219,0
0.2355,0.118,0
0.2301,0.1209,0
0.2281,0.1206,0
0.2541,0.1213,0
0.2405,0.1189,0
0.2274,0.1205,0
0.2454,0.12,0
0.2326,0.1198,0
0.2495,0.1208,0
0.2654,0.1208,0
0.2524,0.1213,0
0.2792,0.1212,0
0.2715,0.1187,0
0.2738,0.1191,0
0.2811,0.1187,0
0.2888,0.1165,0
0.2832,0.1177,0
0.2597,0.1204,0
0.2518,0.12,0
0.2494,0.1193,0
0.2533,0.1191,0
0.2308,0.12,0
0.2337,0.121,0
0.2551,0.1196,0
0.26,0.12,0
0.2615,0.1207,0
0.2666,0.1206,0
0.2658,0.1207,0
0.2658,0.1205,0
0.264,0.1202,0
0.0442,0.1197,0
0.2562,0.1207,0
0.2459,0.121,0
0.242,0.1189,0
0.2424,0.1204,0
0.2485,0.1206,0
0.2498,0.1202,0
0.2691,0.119,0
0.2581,0.1201,0
0.2542,0.1194,0
0.2524,0.1193,0
0.2595,0.1196,0
0.2485,0.1184,0
0.2405,0.1208,0
0.2638,0.1205,0
0.2502,0.1196,0
0.2513,0.1201,0
0.2315,0.12,0
0.2536,0.1193,0
0.239,0.1208,0
0.2556,0.121,0
0.2639,0.1208,0
0.2666,0.1205,0
0.2312,0.1207,0
0.2684,0.1187,0
0.2581,0.1193,0
0.2577,0.1214,0
0.23,0.1199,0
0.2341,0.1201,0
0.2619,0.1202,0
0.27,0.1199,0
0.2438,0.1202,0
0.2615,0.1209,0
0.2287,0.1199,0
0.2384,0.1211,0
0.2474,0.1203,0
0.0635,0.1202,0
0.3071,0.1191,0
0.2765,0.1203,0
0.3093,0.1199,0
0.2579,0.1214,0
0.2589,0.1352,0
0.2468,0.1215,0
0.2388,0.1189,0
0.2434,0.1193,0
0.2494,0.1204,0
0.2436,0.1186,0
0.2452,0.1208,0
0.2534,0.1208,0
0.2547,0.1192,0
0.2328,0.1206,0
0.307,0.1192,0
0.2882,0.1212,0
0.2666,0.1223,0
0.2565,0.1188,0
0.2494,0.1193,0
0.2267,0.1192,0
0.2394,0.1195,0
0.2647,0.1197,0
0.2536,0.1205,0
0.2484,0.1193,0
0.2424,0.1204,0
0.2525,0.1201,0
0.2397,0.1204,0
0.2735,0.1226,0
0.2773,0.1209,0
0.2708,0.1201,0
0.264,0.1209,0
0.2654,0.1217,0
0.2621,0.1197,0
0.262,0.1209,0
0.2844,0.1201,0
0.2833,0.1211,0
0.263,0.1206,0
0.2542,0.1195,0
0.2644,0.1219,0
0.2427,0.2112,0
0.2253,0.1302,0
0.221,0.1288,0
0.3369,0.8384,1
0.2177,0.1179,1
0.2734,0.4532,1
0.0324,0.4784,1
0.2594,0.4804,1
0.2606,0.5848,1
0.2516,0.5468,1
0.2709,0.5593,1
0.2578,0.5424,1
0.2494,0.6704,1
0.2462,0.6675,1
0.1616,0.9386,1
0.1196,0.4279,1
0.096,1.1102,1
0.068,0.1543,1
0.1606,0.1246,1
0.2703,0.4517,1
0.2696,0.4835,1
0.2519,0.8303,1
0.2627,0.6569,1
0.2703,1.3552,1
0.3067,0.5233,1
0.0805,0.1184,1
0.0587,0.1177,1
0.2025,0.1193,1
0.0555,0.1892,1
0.0587,0.1918,1
0.0522,0.1493,1
0.0411,0.1698,1
0.0544,0.1214,1
0.0373,0.1828,1
0.1695,0.2114,1
0.0533,0.1257,1
0.1726,0.1189,1
0.1692,0.2007,1
0.0457,0.2146,1
0.0484,0.2098,1
0.1848,0.1773,1
0.054,0.1877,1
0.1677,0.2028,1
0.0583,0.2034,1
0.0617,0.1528,1
0.0588,0.1512,1
0.1022,0.2015,1
0.1261,0.1379,1
0.0904,0.1403,1
0.222,0.135,1
0.2051,0.1427,1
0.0622,0.1174,1
0.0388,0.1161,1
0.2911,0.5717,1
0.2943,0.6456,1
0.2993,0.6267,1
0.0772,0.1197,1
0.2134,0.1189,1
0.0699,0.1218,1
0.19,0.1215,1
0.0377,0.1178,1
0.1175,0.1215,1
0.05,0.1179,1
0.0517,0.118,1
0.0407,0.1266,1
0.1368,0.1164,1
0.0889,0.1149,1
0.0613,0.1167,1
0.0935,0.1199,1
0.0475,0.1165,1
0.0667,0.1165,1
0.0599,0.1186,1
0.0468,0.1191,1
0.0605,0.1164,1
0.0397,0.1181,1
0.0306,0.117,1
0.0335,0.1175,1
0.0403,0.1179,1
0.0444,0.1182,1
0.0335,0.1174,1
0.0324,0.1175,1
0.0344,0.1189,1
0.0292,0.1189,1
0.0391,0.1184,1
0.0374,0.1175,1
0.0324,0.1187,1
0.035,0.1184,1
0.0234,0.118,1
0.0342,0.1172,1
0.0884,0.1199,1
0.0712,0.1172,1
0.2276,0.118,1
0.1812,0.1211,1
0.1678,0.1168,1
0.0695,0.1178,1
0.0961,0.1166,1
0.0808,0.1173,1
0.0802,0.1176,1
0.0786,0.1189,1
0.0693,0.1181,1
0.0622,0.1178,1
0.0596,0.1179,1
0.0574,0.1174,1
0.0622,0.1178,1
0.1831,0.1185,1
0.2084,0.117,1
0.2109,0.1171,1
0.091,0.1913,1
0.5645,0.4924,1
0.5614,0.4749,1
0.594,0.5563,1
0.4243,0.5499,1
0.8429,0.7163,1
0.3671,0.625,1
0.2295,0.1191,1
0.1419,0.1198,1
0.2071,0.1185,1
0.2129,0.1159,1
0.2008,0.1218,1
0.201,0.1176,1
0.2205,0.1172,1
0.0945,0.1202,1
0.1076,0.1226,1
0.1156,0.116,1
0.2269,0.1603,1
0.1764,0.2275,1
0.0582,0.1191,1
0.1127,0.1175,1
0.0667,0.1175,1
0.0633,0.1177,1
0.0639,0.1165,1
0.0913,0.1174,1
0.0408,0.1181,1
0.0598,0.1172,1
0.2274,0.1179,1
0.1708,0.117,1
0.0567,0.1177,1
0.1294,0.1171,1
0.0964,0.1178,1
0.2021,0.1178,1
0.1425,0.1168,1
0.0743,0.1171,1
0.1218,0.1189,1
0.0666,0.1194,1
0.0579,0.1182,1
0.0567,0.1192,1
0.0452,0.1177,1
0.1718,0.1181,1
0.0571,0.1167,1
0.0328,0.1184,1
0.1679,0.1184,1
0.05,0.1169,1
0.198,0.1195,1
0.2238,0.1202,1
0.0457,0.1303,1
0.1181,0.1194,1
0.2288,0.1202,1
0.2231,0.1163,1
0.2291,0.2128,1
0.2064,0.1964,1
0.1986,0.1715,1
0.2714,0.4819,1
0.2599,0.5167,1
0.2524,0.5085,1
0.2577,0.5384,1
0.2578,0.5238,1
0.2292,0.1189,1
0.063,0.1216,1
0.0739,0.1216,1
0.0392,0.1214,1
0.0544,0.1456,1
0.3263,0.7179,1
0.3312,0.6913,1
0.3294,0.6454,1
0.3267,0.6075,1
0.3248,0.5332,1
0.3248,0.555,1
0.0575,0.562,1
0.2771,0.4705,1
0.0645,0.2325,1
0.1975,0.121,1
0.0534,0.1204,1
0.1683,0.1622,1
0.038,0.117,1
0.1062,0.1206,1
0.0773,0.3319,1
0.0597,0.261,1
0.0721,0.122,1
0.1039,0.1324,1
0.0649,0.1281,1
0.1203,0.1391,1
0.1388,0.8566,1
0.1993,0.287,1
0.0433,0.1184,1
0.1428,0.118,1
0.0886,0.1217,1
0.0873,0.1195,1
0.06,0.1213,1
0.0595,0.1216,1
0.2703,0.5975,1
0.2329,0.8233,1
0.2413,1.0119,1
0.2326,1.1026,1
0.2159,1.1271,1
0.222,1.2212,1
0.2255,1.2555,1
0.2171,1.3503,1
0.222,1.4285,1
0.2152,1.4332,1
0.2353,1.3878,1
0.2161,1.4363,1
0.2267,1.4828,1
0.2281,1.4833,1
0.2252,1.4255,1
0.2168,1.3887,1
0.2312,1.3839,1
0.2145,0.8005,1
0.0642,0.1201,1
0.0538,0.1189,1
0.0835,0.1613,1
0.0661,0.1185,1
0.2239,0.1202,1
0.1899,0.1176,1
0.0446,0.1191,1
0.0415,0.1175,1
0.0722,0.1165,1
0.1672,0.1357,1
0.0666,0.1323,1
0.0658,0.1922,1
0.166,0.1582,1
0.0538,0.1551,1
0.2298,0.1598,1
0.2169,0.1532,1
0.2224,0.1623,1
0.1078,0.1448,1
0.1726,0.136,1
0.0534,0.1448,1
0.0579,0.1446,1
0.05,0.1464,1
0.2193,0.1373,1
0.1245,0.1341,1
0.211,0.1261,1
0.1133,0.1363,1
0.0622,0.1169,1
0.1205,0.124,1
0.1127,0.1182,1
0.0854,0.1182,1
0.1754,0.12,1
0.0313,0.1183,1
0.082,0.1193,1
0.0883,0.12,1
0.1751,0.1201,1
0.2048,0.1203,1
0.0516,0.1201,1
0.0575,0.1192,1
0.061,0.1182,1
0.0405,0.1194,1
0.0423,0.119,1
0.0523,0.1173,1
0.0681,0.1184,1
0.1637,0.4233,1
0.0758,0.1166,1
0.1595,0.1186,1
0.1012,0.1167,1
0.1867,0.1158,1
0.0601,0.1183,1
0.1737,0.1176,1
0.1274,0.1182,1
0.0499,0.1216,1
0.0942,0.1158,1
0.0564,0.115,1
0.0319,0.1186,1
0.1693,0.1176,1
0.2134,0.1178,1
0.198,0.1184,1
0.2184,0.1168,1
0.5213,0.5797,1
0.0518,0.1199,1
0.061,0.1179,1
0.2206,0.1188,1
0.2291,0.1177,1
0.0629,0.1189,1
0.1939,0.118,1
0.0888,0.1189,1
0.2798,0.4615,1
0.2624,0.4674,1
0.2304,0.6098,1
0.2362,0.9101,1
0.241,1.0953,1
0.2437,1.1807,1
0.2366,1.2669,1
0.2366,1.3415,1
0.2408,1.4448,1
0.2363,1.4455,1
0.2266,1.4357,1
0.2283,1.4998,1
0.2067,1.4808,1
0.2041,1.4457,1
0.2157,1.4535,1
0.2199,0.66,1
0.1162,0.1161,1
0.0505,0.1355,1
0.1353,0.1203,1
0.0689,0.1214,1
0.0898,0.1199,1
0.0967,0.1334,1
0.1397,0.1367,1
0.128,0.1169,1
0.1568,0.1175,1
0.2144,0.1197,1
0.1411,0.119,1
0.2255,0.1203,1
0.1735,0.1184,1
0.2184,0.1208,1
0.1927,0.12,1
0.215,0.1204,1
0.1694,0.1188,1
0.1336,0.1206,1
0.1125,0.1205,1
0.1094,0.1251,1
0.1859,0.1217,1
0.121,0.1247,1
0.1545,0.1219,1
0.1207,0.1229,1
0.1167,0.1244,1
0.1326,0.1233,1
0.1072,0.1222,1
0.1138,0.1249,1
0.1588,0.1231,1
0.1523,0.1219,1
0.1532,0.1244,1
0.108,0.1226,1
0.111,0.1229,1
0.1424,0.1243,1
0.1542,0.1237,1
0.1259,0.1225,1
0.1805,0.1237,1
0.1309,0.1246,1
0.1903,0.1246,1
0.207,0.1221,1
0.2091,0.1195,1
0.2135,0.1182,1
0.205,0.121,1
0.1854,0.1198,1
0.1792,0.1218,1
0.155,0.1195,1
0.1436,0.1224,1
0.1322,0.1214,1
0.1429,0.1218,1
0.1259,0.1219,1
0.1563,0.1235,1
0.1466,0.1206,1
0.1663,0.123,1
0.1642,0.121,1
0.151,0.1197,1
0.1741,0.1189,1
0.1888,0.119,1
0.1658,0.1175,1
0.1268,0.1224,1
0.1034,0.1194,1
0.2095,0.119,1
0.1949,0.1178,1
0.0669,0.1199,1
0.0569,0.1221,1
0.2148,0.118,1
0.1436,0.1196,1
0.2082,0.1187,1
0.0647,0.2455,1
0.1122,0.2099,1
0.0596,0.1181,1
0.1028,0.1167,1
0.226,0.1169,1
0.2252,0.118,1
0.0849,0.1179,1
0.045,0.1209,1
0.194,0.1215,1
0.2235,0.1225,1
0.2126,0.1211,1
0.0608,0.1196,1
0.0891,0.1188,1
0.2295,0.1328,1
0.219,0.1783,1
0.2201,0.1215,1
0.1253,0.1189,1
0.2284,0.1154,1
0.2179,0.188,1
0.2189,0.118,1
0.2287,0.1176,1
0.2263,0.1175,1
0.2239,0.1179,1
0.2262,0.1166,1
0.061,0.1161,1
0.1247,0.1245,1
0.1123,0.2787,1
0.1693,0.2054,1
0.0978,0.1216,1
0.0746,0.1197,1
0.1129,0.1212,1
0.0698,0.1221,1
0.154,0.1276,1
0.0729,0.1381,1
0.186,0.6658,1
0.1045,0.1257,1
0.0692,0.1272,1
0.0692,0.1204,1
0.0758,0.1317,1
0.2208,0.1261,1
0.2261,0.1258,1
0.2016,0.1292,1
0.1629,0.126,1
0.2642,0.1214,0
0.276,0.1235,0
0.3005,0.1226,0
0.2921,0.1241,0
0.2766,0.1245,0
0.2809,0.1248,0
0.2978,0.1228,0
0.3018,0.1227,0
0.3225,0.1231,0
0.2799,0.1236,0
0.2937,0.1243,0
0.2962,0.1215,0
0.3083,0.1229,0
0.3017,0.1236,0
0.2703,0.179,0
0.3021,0.2652,0
0.3009,0.2352,0
0.2834,0.121,0
0.2886,0.2175,0
0.273,0.1249,0
0.2836,0.1224,0
0.2878,0.1229,0
0.2125,0.149,0
0.2858,0.1202,0
0.3085,0.2653,0
0.2977,0.2283,0
0.2852,0.2433,0
0.2902,0.2066,0
0.2853,0.123,0
0.2609,0.1215,0
0.318,0.1211,0
0.2981,0.1264,0
0.3058,0.125,0
0.0924,0.1242,0
0.2771,0.1726,0
0.2626,0.1239,0
0.2726,0.1888,0
0.2921,0.125,0
0.2751,0.1373,0
0.2684,0.1226,0
0.2906,0.1212,0
0.2865,0.1273,0
0.295,0.2067,0
0.2805,0.1285,0
0.2613,0.1239,0
0.2887,0.1201,0
0.2962,0.2464,0
0.0845,0.1821,0
0.2842,0.3395,0
0.275,0.1259,0
0.2815,0.1269,0
0.2737,0.1252,0
0.2897,0.1269,0
0.283,0.1249,0
0.2693,0.1247,0
0.2972,0.1234,0
0.2772,0.1235,0
0.2798,0.1248,0
0.2741,0.1272,0
0.284,0.124,0
0.2326,0.1259,0
0.2632,0.1204,0
0.2752,0.1267,0
0.2759,0.122,0
0.2716,0.1232,0
0.2543,0.1284,0
0.0715,0.1523,0
0.2505,0.1223,0
0.2755,0.1231,0
0.2809,0.1202,0
0.2785,0.124,0
0.27,0.1239,0
0.2737,0.2068,0
0.2927,0.1221,0
0.2653,0.1208,0
0.2524,0.1244,0
0.2709,0.167,0
0.2716,0.1238,0
0.277,0.1225,0
0.2778,0.1222,0
0.2795,0.1617,0
0.2752,0.1485,0
0.2791,0.1301,0
0.272,0.1199,0
0.2812,0.1211,0
0.2822,0.121,0
0.2727,0.1225,0
0.2936,0.121,0
0.2909,0.1218,0
0.2768,0.1235,0
0.284,0.2642,0
0.2904,0.1731,0
0.3016,0.1245,0
0.2752,0.1216,0
0.2492,0.1217,0
0.3077,0.122,0
0.2696,0.1252,0
0.2658,0.1284,0
0.3072,0.1247,0
0.2919,0.1224,0
0.2989,0.124,0
0.3193,0.1225,0
0.2065,0.1198,0
0.2499,0.1249,0
0.3018,0.1238,0
0.2712,0.127,0
0.2875,0.1234,0
0.3126,0.1228,0
0.2591,0.1253,0
0.2786,0.1202,0
0.2716,0.122,0
0.3022,0.1222,0
0.2096,0.1237,0
0.2878,0.1218,0
0.2536,0.1247,0
0.2406,0.1208,0
0.2902,0.1235,0
0.2987,0.1235,0
0.2981,0.1221,0
0.2936,0.1212,0
0.303,0.1227,0
0.292,0.1208,0
0.2814,0.1221,0
0.2919,0.1217,0
0.2211,0.1224,0
0.2411,0.122,0
0.2567,0.1219,0
0.2768,0.1216,0
0.2619,0.1228,0
0.276,0.1204,0
0.2731,0.1238,0
0.3072,0.121,0
0.2927,0.1241,0
0.3,0.1207,0
0.2991,0.1214,0
0.3126,0.1219,0
0.2899,0.1229,0
0.2957,0.1226,0
0.3066,0.1219,0
0.0535,0.1241,0
0.28,0.1267,0
0.2974,0.1232,0
0.2851,0.1262,0
0.3033,0.1232,0
0.2799,0.124,0
0.2707,0.128,0
0.2831,0.1237,0
0.2688,0.1243,0
0.2735,0.1238,0
0.1485,0.1243,0
0.278,0.1229,0
0.2928,0.1236,0
0.2885,0.1261,0
0.2703,0.1223,0
0.2907,0.1235,0
0.2739,0.1246,0
0.2893,0.1238,0
0.2929,0.1219,0
0.281,0.123,0
0.2416,0.1195,0
0.2611,0.1215,0
0.2306,0.1225,0
0.2802,0.1225,0
0.2854,0.1233,0
0.2671,0.1229,0
0.2728,0.1243,0
0.2859,0.1245,0
0.2679,0.1233,0
0.2921,0.1225,0
0.2799,0.1228,0
0.276,0.1231,0
0.2641,0.1226,0
0.2777,0.124,0
0.2861,0.1226,0
0.3052,0.1226,0
0.2838,0.1214,0
0.2924,0.1291,0
0.3081,0.1237,0
0.2427,0.1252,0
0.2887,0.1224,0
0.1902,0.1242,0
0.2733,0.1219,0
0.2342,0.1205,0
0.265,0.1218,0
0.2725,0.1235,0
0.2793,0.1238,0
0.2662,0.1238,0
0.2616,0.1224,0
0.2633,0.1212,0
0.2633,0.1223,0
0.2361,0.1212,0
0.2372,0.1219,0
0.2559,0.1213,0
0.2371,0.1203,0
0.2686,0.122,0
0.2857,0.1231,0
0.2757,0.1209,0
0.2768,0.1287,0
0.296,0.1236,0
0.2863,0.1266,0
0.2812,0.1261,0
0.2924,0.1233,0
0.2662,0.1199,0
0.284,0.1231,0
0.2817,0.1294,0
0.2835,0.1236,0
0.2814,0.1262,0
0.297,0.1209,0
0.253,0.1262,0
0.2909,0.1236,0
0.2964,0.1214,0
0.2689,0.1767,0
0.2761,0.1373,0
0.2789,0.133,0
0.2928,0.1966,0
0.115,0.1216,0
0.2807,0.1228,0
0.1215,0.1226,0
0.288,0.1212,0
0.2455,0.1215,0
0.2608,0.121,0
0.258,0.1204,0
0.0934,0.122,0
0.2735,0.12,0
0.282,0.1789,0
0.2566,0.1183,0
0.2682,0.1965,0
0.2572,0.1237,0
0.3025,0.1251,0
0.2922,0.1864,0
0.2778,0.1285,0
0.2487,0.1258,0
0.2714,0.1194,0
0.2499,0.1217,0
0.2587,0.1284,0
0.3098,0.1264,0
0.2817,0.1242,0
0.255,0.1229,0
0.2894,0.1277,0
0.2909,0.1248,0
0.2879,0.1224,0
0.2684,0.1242,0
0.2819,0.1237,0
0.2612,0.1231,0
0.2364,0.1246,0
0.2879,0.1231,0
0.2531,0.1238,0
0.264,0.1223,0
0.1334,0.1224,0
0.2724,0.1219,0
0.2595,0.1233,0
0.256,0.124,0
0.2585,0.1226,0
0.2634,0.1236,0
0.2563,0.1229,0
0.2608,0.1233,0
0.191,0.1236,0
0.2208,0.1252,0
0.2767,0.1241,0
0.194,0.1232,0
0.2728,0.1219,0
0.2712,0.1229,0
0.2479,0.1221,0
0.2917,0.1217,0
0.2598,0.1225,0
0.2829,0.1223,0
0.2307,0.1215,0
0.2374,0.1241,0
0.2266,0.1257,0
0.262,0.1242,0
0.2347,0.1259,0
0.2908,0.1253,0
0.279,0.1249,0
0.2967,0.1294,0
0.3056,0.1289,0
0.3124,0.1283,0
0.2114,0.1203,0
0.2516,0.1179,0
0.2815,0.1227,0
0.2831,0.1224,0
0.2594,0.1225,0
0.2807,0.1255,0
0.3014,0.1273,0
0.2998,0.1272,0
0.2857,0.1254,0
0.2868,0.1256,0
0.3031,0.1254,0
0.2723,0.1245,0
0.1807,0.1243,0
0.2939,0.1261,0
0.296,0.123,0
0.2746,0.1223,0
0.2918,0.1247,0
0.2364,0.122,0
0.2759,0.1198,0
0.2737,0.1222,0
0.2829,0.1209,0
0.2642,0.1212,0
0.2742,0.121,0
0.2661,0.1227,0
0.2568,0.1231,0
0.297,0.1204,0
0.2939,0.1259,0
0.2778,0.1239,0
0.2731,0.1211,0
0.2849,0.1224,0
0.3034,0.1225,0
0.2978,0.1237,0
0.3008,0.1287,0
0.2937,0.1233,0
0.0625,0.1235,0
0.2474,0.124,0
0.2644,0.1244,0
0.2648,0.1228,0
0.2517,0.1256,0
0.2638,0.1227,0
0.0638,0.1224,0
0.2148,0.1225,0
0.2621,0.1226,0
0.269,0.1277,0
0.3009,0.1262,0
0.3041,0.1274,0
0.2748,0.1268,0
0.2915,0.1256,0
0.3072,0.1254,0
0.2619,0.1257,0
0.267,0.1252,0
0.2867,0.1269,0
0.2883,0.1258,0
0.3029,0.1244,0
0.2053,0.1204,0
0.2915,0.1372,0
0.2963,0.1242,0
0.3043,0.1249,0
0.3091,0.1265,0
0.2777,0.1262,0
0.3034,0.1246,0
0.1919,0.1224,0
0.3024,0.1214,0
0.2651,0.1188,0
0.2804,0.1271,0
0.2728,0.1236,0
0.2708,0.1242,0
0.299,0.1226,0
0.2706,0.1249,0
0.2966,0.1248,0
0.3061,0.1275,0
0.3007,0.124,0
0.2872,0.124,0
0.3005,0.1261,0
0.2717,0.1227,0
0.2958,0.1238,0
0.2941,0.1208,0
0.2728,0.1221,0
0.2799,0.1184,0
0.2661,0.1225,0
0.2786,0.129,0
0.2766,0.1239,0
0.3006,0.1296,0
0.289,0.1246,0
0.2942,0.1251,0
0.3026,0.121,0
0.2583,0.121,0
0.2837,0.121,0
0.2849,0.1204,0
0.2841,0.1213,0
0.2773,0.1213,0
0.28,0.1221,0
0.2765,0.1227,0
0.2734,0.1232,0
0.284,0.1222,0
0.2956,0.1197,0
0.2929,0.1218,0
0.2894,0.1203,0
0.2724,0.1218,0
0.2666,0.1235,0
0.2703,0.1201,0
0.2822,0.1216,0
0.2956,0.1212,0
0.2917,0.1183,0
0.2772,0.1206,0
0.2969,0.1209,0
0.285,0.1209,0
0.2883,0.1203,0
0.2961,0.1213,0
0.2838,0.1215,0
0.2731,0.1208,0
0.277,0.1225,0
0.2888,0.1213,0
0.2776,0.1205,0
0.234,0.1207,0
0.2969,0.1213,0
0.2815,0.1222,0
0.2869,0.1209,0
0.2781,0.1243,0
0.2886,0.1223,0
0.2679,0.1207,0
0.2723,0.1219,0
0.2798,0.1218,0
0.2757,0.1202,0
0.2732,0.1217,0
0.2777,0.1204,0
0.2786,0.1208,0
0.2696,0.1218,0
0.2634,0.1243,0
0.268,0.1211,0
0.2701,0.1213,0
0.2822,0.1205,0
0.2906,0.1216,0
0.2646,0.1221,0
0.2647,0.1214,0
0.2594,0.1208,0
0.2722,0.1205,0
0.2812,0.1212,0
0.2799,0.1213,0
0.2623,0.1219,0
0.2683,0.12,0
0.2876,0.1208,0
0.2655,0.1213,0
0.2933,0.12,0
0.2775,0.124,0
0.279,0.1218,0
0.2701,0.1202,0
0.2741,0.1223,0
0.2669,0.1232,0
0.2804,0.1215,0
0.2852,0.123,0
0.2849,0.1225,0
0.2765,0.1212,0
0.2835,0.1213,0
0.2736,0.1209,0
0.1297,0.1221,0
0.2705,0.125,0
0.2644,0.1222,0
0.2745,0.1215,0
0.2795,0.123,0
0.2712,0.1206,0
0.2679,0.1226,0
0.2637,0.1207,0
0.2422,0.1223,0
0.2861,0.1217,0
0.293,0.1234,0
0.2835,0.1217,0
0.285,0.1203,0
0.2783,0.121,0
0.2731,0.1217,0
0.2923,0.1213,0
0.2841,0.1242,0
0.3,0.1248,0
0.2749,0.1215,0
0.2801,0.1192,0
0.2752,0.1236,0
0.2738,0.1227,0
0.2756,0.1235,0
0.2932,0.1218,0
0.2831,0.1234,0
0.2638,0.1231,0
0.2813,0.1225,0
0.2681,0.1235,0
0.2797,0.122,0
0.2677,0.123,0
0.2766,0.1219,0
0.2865,0.1229,0
0.3081,0.1242,0
0.2796,0.1197,0
0.28,0.1204,0
0.2653,0.1189,0
0.2796,0.1196,0
0.285,0.1218,0
0.162,0.1213,0
0.2953,0.1197,0
0.2015,0.1234,0
0.2743,0.1212,0
0.2442,0.1233,0
0.2999,0.1259,0
0.2814,0.1278,0
0.2584,0.1252,0
0.2925,0.1244,0
0.2945,0.1259,0
0.292,0.1241,0
0.2959,0.1224,0
0.2765,0.1237,0
0.2623,0.1225,0
0.2943,0.1243,0
0.2854,0.1228,0
0.2835,0.1228,0
0.2508,0.1204,0
0.2908,0.121,0
0.2409,0.1208,0
0.2577,0.1231,0
0.2905,0.1224,0
0.2903,0.1222,0
0.2905,0.1214,0
0.2782,0.1219,0
0.2665,0.1226,0
0.2936,0.1205,0
0.298,0.122,0
0.2753,0.1217,0
0.2728,0.1259,0
0.2852,0.123,0
0.2785,0.1233,0
0.2735,0.1258,0
0.2863,0.1245,0
0.271,0.1235,0
0.2746,0.1231,0
0.2822,0.1232,0
0.302,0.1274,0
0.3184,0.1276,0
0.2873,0.1292,0
0.2792,0.1225,0
0.2255,0.1202,0
0.2505,0.1216,0
0.225,0.123,0
0.209,0.1242,0
0.3121,0.1288,0
0.292,0.1265,0
0.2594,0.1241,0
0.2912,0.1226,0
0.2957,0.1233,0
0.2815,0.1271,0
0.2807,0.1225,0
0.2971,0.1246,0
0.2037,0.1232,0
0.2816,0.1271,0
0.2855,0.1245,0
0.2824,0.1259,0
0.2828,0.1254,0
0.2932,0.1206,0
0.2674,0.1253,0
0.2636,0.1238,0
0.2207,0.1248,0
0.2683,0.1285,0
0.2773,0.1298,0
0.3071,0.1233,0
0.2769,0.1231,0
0.076,0.127,0
0.2707,0.1248,0
0.2564,0.1241,0
0.2615,0.1234,0
0.2583,0.1271,0
0.2284,0.1213,0
0.2457,0.1225,0
0.2648,0.1237,0
0.2405,0.1264,0
0.2678,0.1235,0
0.2635,0.1251,0
0.2634,0.1238,0
0.2564,0.1225,0
0.2644,0.1246,0
0.2731,0.1225,0
0.2584,0.1228,0
0.2633,0.1225,0
0.2677,0.1215,0
0.2442,0.1225,0
0.2706,0.1231,0
0.2676,0.125,0
0.2621,0.1244,0
0.2461,0.1247,0
0.2733,0.1241,0
0.2474,0.1242,0
0.2797,0.1284,0
0.3034,0.1279,0
0.2922,0.1289,0
0.2572,0.1275,0
0.2688,0.1272,0
0.2804,0.124,0
0.2023,0.1227,0
0.2548,0.1213,0
0.2736,0.1234,0
0.2802,0.1233,0
0.2814,0.1233,0
0.2953,0.1217,0
0.2941,0.1255,0
0.2969,0.1221,0
0.2821,0.1246,0
0.3056,0.1239,0
0.2911,0.1222,0
0.2825,0.1225,0
0.2867,0.1209,0
0.2894,0.1213,0
0.2325,0.1218,0
0.2732,0.121,0
0.2598,0.1217,0
0.2759,0.122,0
0.2632,0.1217,0
0.2487,0.1223,0
0.2858,0.1275,0
0.303,0.1241,0
0.1944,0.1244,0
0.2812,0.1307,0
0.2933,0.1228,0
0.2733,0.1218,0
0.2632,0.1212,0
0.2605,0.1226,0
0.2492,0.1227,0
0.2482,0.125,0
0.2142,0.122,0
0.252,0.1222,0
0.0886,0.1217,0
0.2591,0.1251,0
0.2408,0.123,0
0.2628,0.1203,0
0.2565,0.1224,0
0.2297,0.1218,1
0.1148,0.1243,1
0.167,0.1216,1
0.1672,0.1208,1
0.2286,0.1223,1
0.1414,0.1232,1
0.195,0.1223,1
0.1857,0.1226,1
0.2298,0.1211,1
0.2186,0.1212,1
0.2195,0.1216,1
0.2276,0.1221,1
0.1962,0.1219,1
0.075,0.1222,1
0.2265,0.1223,1
0.2195,0.1213,1
0.2281,0.1211,1
0.1884,0.1214,1
0.0666,0.1212,1
0.1009,0.1219,1
0.2287,0.1215,1
0.1046,0.1215,1
0.1839,0.1218,1
0.0836,0.122,1
0.2242,0.1232,1
0.0791,0.1236,1
0.2133,0.1223,1
0.2189,0.1218,1
0.1413,0.1242,1
0.1731,0.1195,1
0.1568,0.1216,1
0.1885,0.1211,1
0.2213,0.1199,1
0.2203,0.1215,1
0.0937,0.1224,1
0.2257,0.1216,1
0.1454,0.123,1
0.102,0.1227,1
0.0759,0.1228,1
0.1087,0.1231,1
0.1733,0.1224,1
0.204,0.122,1
0.139,0.1244,1
0.2278,0.1205,1
0.1886,0.1215,1
0.1774,0.1309,1
0.2164,0.1193,1
0.2295,0.1227,1
0.205,0.1216,1
0.1745,0.123,1
0.2197,0.1219,1
0.14,0.1218,1
0.1272,0.1225,1
0.2283,0.1304,1
0.1181,0.1293,1
0.2156,0.1281,1
0.2269,0.1252,1
0.1774,0.1269,1
0.1991,0.1266,1
0.224,0.1271,1
0.0954,0.1287,1
0.1726,0.1288,1
0.1811,0.1271,1
0.1143,0.1288,1
0.2293,0.1267,1
0.2295,0.1269,1
0.2156,0.1278,1
0.2264,0.1289,1
0.2144,0.1295,1
0.2192,0.1277,1
0.1945,0.1312,1
0.1952,0.1294,1
0.2043,0.1268,1
0.2294,0.1266,1
0.2287,0.1285,1
0.2274,0.123,1
0.1503,0.1219,1
0.2125,0.1255,1
0.2099,0.1196,1
0.2105,0.1222,1
0.0656,0.1215,1
0.1983,0.122,1
0.1967,0.1217,1
0.1589,0.1219,1
0.2163,0.1214,1
0.0767,0.1233,1
0.1284,0.1223,1
0.1874,0.1219,1
0.1431,0.122,1
0.2174,0.1238,1
0.1965,0.1226,1
0.2147,0.1225,1
0.1459,0.1227,1
0.058,0.124,1
0.1983,0.1231,1
0.0721,0.1231,1
0.0737,0.1224,1
0.1801,0.122,1
0.0638,0.1224,1
0.2269,0.1223,1
0.2174,0.125,1
0.1631,0.1232,1
0.1126,0.1239,1
0.1049,0.1236,1
0.1105,0.1235,1
0.0601,0.1226,1
0.2196,0.1223,1
0.098,0.1231,1
0.107,0.1226,1
0.0887,0.1233,1
0.2075,0.1231,1
0.1954,0.1223,1
0.1533,0.1226,1
0.2291,0.1224,1
0.1943,0.1228,1
0.223,0.1232,1
0.2291,0.1227,1
0.1639,0.1227,1
0.216,0.1223,1
0.1178,0.1219,1
0.2033,0.1226,1
0.116,0.1221,1
0.2176,0.1213,1
0.203,0.1207,1
0.0736,0.1223,1
0.1649,0.1413,1
0.1563,0.1241,1
0.1767,0.1215,1
0.13,0.1218,1
0.1444,0.1229,1
0.2115,0.1214,1
0.0981,0.1189,1
0.0874,0.1214,1
0.0652,0.1195,1
0.0433,0.1197,1
0.062,0.1211,1
0.2097,0.1198,1
0.098,0.1219,1
0.2274,0.1222,1
0.1859,0.1193,1
0.0823,0.1216,1
0.0597,0.1239,1
0.1205,0.1229,1
0.0882,0.124,1
0.073,0.1195,1
0.2207,0.1229,1
0.214,0.1209,1
0.1934,0.1222,1
0.0749,0.1236,1
0.1864,0.1201,1
0.0935,0.1216,1
0.0582,0.1228,1
0.2226,0.1195,1
0.0836,0.1198,1
0.1993,0.1196,1
0.1444,0.1209,1
0.1274,0.1214,1
0.2031,0.1227,1
0.132,0.1225,1
0.1451,0.1189,1
0.0866,0.1176,1
0.2167,0.1346,1
0.2264,0.1372,1
0.2267,0.1337,1
0.219,0.1324,1
0.2073,0.1256,1
0.1383,0.133,1
0.0656,0.124,1
0.1917,0.123,1
0.2051,0.1253,1
0.2052,0.1192,1
0.2086,0.1257,1
0.11,0.1255,1
0.06,0.1225,1
0.2219,0.121,1
0.2165,0.1207,1
0.1315,0.1218,1
0.1729,0.1221,1
0.1759,0.124,1
0.0851,0.1224,1
0.1788,0.1215,1
0.1567,0.1216,1
0.1021,0.1226,1
0.2057,0.1204,1
0.1361,0.1208,1
0.1275,0.1216,1
0.2159,0.1203,1
0.1638,0.1214,1
0.2158,0.122,1
0.2158,0.1181,1
0.0956,0.1193,1
0.207,0.1213,1
0.1098,0.1207,1
0.2167,0.1211,1
0.1789,0.129,1
0.2239,0.1265,1
0.0792,0.1249,1
0.1953,0.1248,1
0.0697,0.1229,1
0.1053,0.1233,1
0.2211,0.1245,1
0.2249,0.1242,1
0.186,0.1227,1
0.1144,0.1207,1
0.0666,0.1226,1
0.1309,0.1158,1
0.1758,0.1191,1
0.1486,0.1189,1
0.0959,0.1231,1
0.1286,0.1224,1
0.1123,0.1219,1
0.145,0.1225,1
0.0806,0.1187,1
0.208,0.1193,1
0.1835,0.1199,1
0.2236,0.1191,1
0.1195,0.1203,1
0.1301,0.1243,1
0.1561,0.119,1
0.1564,0.1217,1
0.103,0.1214,1
0.0752,0.1229,1
0.1166,0.1211,1
0.0968,0.1217,1
0.17,0.1206,1
0.164,0.1204,1
0.0734,0.1212,1
0.2259,0.12,1
0.1547,0.1209,1
0.199,0.1226,1
0.1085,0.1224,1
0.0874,0.1196,1
0.1759,0.1208,1
0.1551,0.1176,1
0.136,0.1202,1
0.1165,0.1175,1
0.1675,0.1225,1
0.1201,0.1221,1
0.2244,0.123,1
0.1534,0.12,1
0.0998,0.1221,1
0.2197,0.1222,1
0.2013,0.1219,1
0.1313,0.122,1
0.1252,0.1212,1
0.2203,0.1179,1
0.1529,0.1197,1
0.2242,0.1181,1
0.1137,0.119,1
0.0687,0.1196,1
0.1717,0.1213,1
0.2235,0.1177,1
0.2151,0.1185,1
0.2296,0.1178,1
0.2295,0.1268,1
0.1405,0.1247,1
0.1646,0.1198,1
0.1899,0.1196,1
0.2013,0.1201,1
0.1735,0.1199,1
0.173,0.1199,1
0.1685,0.1196,1
0.1625,0.1199,1
0.1756,0.1207,1
0.1544,0.1189,1
0.0932,0.1202,1
0.1153,0.121,1
0.1707,0.1215,1
0.2157,0.1206,1
0.2272,0.1215,1
0.1891,0.1302,1
0.217,0.1249,1
0.0571,0.1233,1
0.2209,0.1252,1
0.2116,0.1214,1
0.229,0.1224,1
0.2265,0.1206,1
0.2201,0.1208,1
0.2267,0.1221,1
0.2277,0.1212,1
0.2149,0.1223,1
0.221,0.1192,1
0.2201,0.1226,1
0.2255,0.1206,1
0.2072,0.1221,1
0.2102,0.1225,1
0.1997,0.1215,1
0.1965,0.1207,1
0.1826,0.1214,1
0.1437,0.1209,1
0.1508,0.1222,1
0.1324,0.1213,1
0.1303,0.1217,1
0.1154,0.1223,1
0.1301,0.1233,1
0.1351,0.1214,1
0.1395,0.1224,1
0.1341,0.1211,1
0.1457,0.1213,1
0.1253,0.1203,1
0.1378,0.1202,1
0.1884,0.1211,1
0.0882,0.1209,1
0.2128,0.1238,1
0.1713,0.1268,1
0.2264,0.1232,1
0.0521,0.1253,1
0.0887,0.1246,1
0.184,0.1231,1
0.1973,0.121,1
0.2065,0.1235,1
0.2103,0.1222,1
0.0731,0.1229,1
0.1772,0.1261,1
0.2241,0.1242,1
0.229,0.1235,1
0.2585,0.1183,0
0.2426,0.1232,0
0.2749,0.1204,0
0.254,0.1228,0
0.267,0.1194,0
0.246,0.1194,0
0.2602,0.1215,0
0.253,0.1217,0
0.266,0.12,0
0.2608,0.1214,0
0.2622,0.1199,0
0.2451,0.1202,0
0.2613,0.121,0
0.2459,0.1217,0
0.2373,0.1205,0
0.247,0.1188,0
0.256,0.1227,0
0.2425,0.1196,0
0.228,0.1219,0
0.234,0.1163,0
0.2216,0.1187,0
0.225,0.1209,0
0.2341,0.1195,0
0.2473,0.1211,0
0.2429,0.1201,0
0.232,0.1205,0
0.2486,0.1212,0
0.2356,0.1215,0
0.2515,0.1172,0
0.2577,0.12,0
0.2641,0.1184,0
0.2527,0.118,0
0.2463,0.1199,0
0.257,0.1206,0
0.2695,0.1203,0
0.2697,0.1207,0
0.2575,0.1215,0
0.2478,0.1196,0
0.2527,0.1191,0
0.2659,0.1187,0
0.2683,0.1216,0
0.2707,0.1184,0
0.2944,0.1209,0
0.2646,0.1215,0
0.257,0.118,0
0.252,0.1171,0
0.2513,0.1202,0
0.2477,0.1209,0
0.2662,0.1206,0
0.2617,0.1206,0
0.2493,0.1211,0
0.2451,0.118,0
0.2625,0.1197,0
0.2595,0.1206,0
0.2589,0.1207,0
0.2589,0.1219,0
0.2574,0.1199,0
0.2592,0.1224,0
0.2664,0.121,0
0.2734,0.119,0
0.2667,0.1347,0
0.2789,0.1187,0
0.274,0.1188,0
0.283,0.1182,0
0.2712,0.1201,0
0.2752,0.1214,0
0.2543,0.1205,0
0.2334,0.1236,0
0.2616,0.1214,0
0.2261,0.1187,0
0.2444,0.1194,0
0.2491,0.1232,0
0.2639,0.1226,0
0.2633,0.1207,0
0.2717,0.1211,0
0.2665,0.1221,0
0.2645,0.1222,0
0.2457,0.1213,0
0.2462,0.1205,0
0.2668,0.1231,0
0.2597,0.1224,0
0.2739,0.1219,0
0.2537,0.1227,0
0.2561,0.1239,0
0.2561,0.1246,0
0.2623,0.1221,0
0.2694,0.1229,0
0.2583,0.1237,0
0.2588,0.125,0
0.2759,0.1233,0
0.2617,0.1215,0
0.2612,0.1228,0
0.2386,0.123,0
0.2591,0.1218,0
0.2615,0.1234,0
0.2662,0.123,0
0.2613,0.1231,0
0.2818,0.1217,0
0.2618,0.124,0
0.2637,0.1238,0
0.2819,0.1229,0
0.2641,0.1243,0
0.2587,0.1238,0
0.2745,0.1223,0
0.2659,0.1237,0
0.2774,0.1232,0
0.2406,0.1215,0
0.2685,0.1227,0
0.2558,0.1227,0
0.2495,0.1235,0
0.2397,0.1228,0
0.2437,0.1224,0
0.2507,0.1229,0
0.2513,0.1222,0
0.2582,0.1231,0
0.2491,0.1253,0
0.2432,0.121,0
0.2509,0.1229,0
0.2555,0.1214,0
0.2475,0.1206,0
0.2399,0.1201,0
0.2333,0.1194,0
0.2564,0.1216,0
0.2514,0.1219,0
0.256,0.122,0
0.2515,0.1214,0
0.2466,0.121,0
0.2513,0.1216,0
0.1056,0.121,0
0.2704,0.1213,0
0.2578,0.121,0
0.2519,0.1216,0
0.263,0.1216,0
0.2552,0.1219,0
0.255,0.1216,0
0.2642,0.1224,0
0.2704,0.1221,0
0.272,0.1207,0
0.2687,0.1215,0
0.2629,0.1226,0
0.2278,0.1207,0
0.2636,0.1207,0
0.2675,0.1219,0
0.2482,0.1215,0
0.2538,0.12,0
0.2623,0.1219,0
0.2537,0.1212,0
0.2493,0.121,0
0.2513,0.12,0
0.2499,0.1217,0
0.2318,0.119,0
0.2426,0.1161,0
0.2473,0.1193,0
0.2435,0.1208,0
0.2516,0.1244,0
0.2563,0.1233,0
0.2597,0.1227,0
0.2627,0.1217,0
0.2466,0.1239,0
0.2634,0.1229,0
0.2568,0.12,0
0.2647,0.1191,0
0.0479,0.1227,0
0.2376,0.1211,0
0.2578,0.1202,0
0.2567,0.1226,0
0.2526,0.1214,0
0.2482,0.1224,0
0.2455,0.1214,0
0.2558,0.1185,0
0.2545,0.12,0
0.2658,0.1192,0
0.2385,0.1213,0
0.2613,0.1205,0
0.2501,0.1217,0
0.2542,0.1213,0
0.2521,0.1212,0
0.2574,0.1204,0
0.244,0.1212,0
0.2562,0.1196,0
0.2621,0.1207,0
0.2574,0.1207,0
0.2375,0.1197,0
0.2715,0.1206,0
0.2452,0.1205,0
0.266,0.1199,0
0.2577,0.1233,0
0.2517,0.1212,0
0.2588,0.1224,0
0.2498,0.12,0
0.2653,0.122,0
0.2396,0.1208,0
0.2644,0.1194,0
0.246,0.12,0
0.2266,0.1193,0
0.2561,0.1185,0
0.2497,0.1206,0
0.2548,0.1208,0
0.2513,0.1203,0
0.2521,0.1216,0
0.2611,0.1203,0
0.2533,0.1202,0
0.2518,0.1216,0
0.266,0.12,0
0.265,0.1191,0
0.269,0.1182,0
0.2627,0.1186,0
0.2725,0.1203,0
0.2915,0.1201,0
0.2788,0.1204,0
0.2891,0.12,0
0.2919,0.1224,0
0.2851,0.1214,0
0.2707,0.1205,0
0.2624,0.1225,0
0.2099,0.1221,0
0.2739,0.1208,0
0.2652,0.121,0
0.2764,0.121,0
0.2604,0.1206,0
0.2695,0.1206,0
0.2208,0.1207,0
0.2386,0.1212,0
0.2391,0.1195,0
0.2379,0.121,0
0.2586,0.1189,0
0.255,0.1208,0
0.255,0.1194,0
0.2589,0.119,0
0.2501,0.1194,0
0.2703,0.1229,0
0.2546,0.1221,0
0.2529,0.1211,0
0.2529,0.1211,0
0.2571,0.1205,0
0.2662,0.1214,0
0.2583,0.1196,0
0.2521,0.1209,0
0.2537,0.1226,0
0.2579,0.1223,0
0.2652,0.1205,0
0.2608,0.1212,0
0.2552,0.1221,0
0.273,0.1204,0
0.2488,0.1218,0
0.2602,0.1209,0
0.2566,0.1213,0
0.2076,0.1292,0
0.2385,0.122,0
0.2413,0.1224,0
0.2532,0.1195,0
0.2662,0.1165,0
0.2504,0.121,0
0.2488,0.1228,0
0.2385,0.1242,0
0.2455,0.1203,0
0.2497,0.1239,0
0.2446,0.1249,0
0.2358,0.1236,0
0.2388,0.1234,0
0.237,0.1231,0
0.2432,0.1242,0
0.2472,0.1222,0
0.2322,0.121,0
0.2442,0.1177,0
0.2397,0.1222,0
0.2532,0.119,0
0.2436,0.121,0
0.2532,0.118,0
0.238,0.1218,0
0.2428,0.1204,0
0.2469,0.1232,0
0.2408,0.1267,0
0.2455,0.121,0
0.2464,0.1211,0
0.2495,0.1212,0
0.2612,0.1199,0
0.2533,0.1214,0
0.2708,0.1194,0
0.2491,0.1214,0
0.2539,0.1243,0
0.2612,0.1215,0
0.2437,0.1235,0
0.2086,0.119,0
0.2218,0.1214,0
0.2471,0.1227,0
0.2257,0.1211,0
0.2386,0.12,0
0.2401,0.1229,0
0.2453,0.1224,0
0.2379,0.1214,0
0.2361,0.1228,0
0.2485,0.1203,0
0.2496,0.1217,0
0.2526,0.1222,0
0.2491,0.1215,0
0.2614,0.1219,0
0.2427,0.1206,0
0.2505,0.12,0
0.2396,0.1203,0
0.2439,0.1183,0
0.2246,0.1192,0
0.2323,0.1184,0
0.2359,0.121,0
0.2404,0.1192,0
0.2475,0.1206,0
0.2429,0.1209,0
0.2575,0.121,0
0.2374,0.1205,0
0.2295,0.1184,0
0.242,0.122,0
0.2476,0.1197,0
0.2434,0.1208,0
0.2368,0.1189,0
0.0596,0.1202,0
0.2519,0.1188,0
0.23,0.1201,0
0.2565,0.1223,0
0.2451,0.1203,0
0.2533,0.1202,0
0.2331,0.1211,0
0.2542,0.1187,0
0.2376,0.1193,0
0.2341,0.1189,0
0.2249,0.1197,0
0.2331,0.118,0
0.2279,0.1197,0
0.2353,0.1185,0
0.2361,0.1204,0
0.2472,0.1193,0
0.2448,0.1211,0
0.1961,0.1206,0
0.2448,0.12,0
0.2481,0.121,0
0.2356,0.1192,0
0.244,0.1181,0
0.2384,0.1199,0
0.2314,0.1186,0
0.223,0.1178,0
0.2402,0.1187,0
0.2361,0.1191,0
0.2312,0.1209,0
0.2305,0.1208,0
0.2279,0.1221,0
0.244,0.1228,0
0.2314,0.1227,0
0.2347,0.1221,0
0.223,0.1214,0
0.2322,0.1236,0
0.223,0.1224,0
0.2316,0.1231,0
0.2378,0.1229,0
0.248,0.1205,0
0.2276,0.1213,0
0.2396,0.1188,0
0.2474,0.1214,0
0.2417,0.1212,0
0.2541,0.1237,0
0.2365,0.1213,0
0.247,0.1225,0
0.2554,0.1194,0
0.2533,0.1187,0
0.2322,0.1173,0
0.2144,0.121,0
0.1902,0.1237,0
0.211,0.1243,0
0.2246,0.1213,0
0.2212,0.1214,0
0.2273,0.1192,0
0.2377,0.1197,0
0.2148,0.1203,0
0.2188,0.1202,0
0.232,0.12,0
0.2389,0.1197,0
0.2423,0.121,0
0.2417,0.1215,0
0.2556,0.1197,0
0.2331,0.1213,0
0.2506,0.1202,0
0.2396,0.1225,0
0.2436,0.1212,0
0.2434,0.1209,0
0.2561,0.1227,0
0.2534,0.1209,0
0.242,0.122,0
0.2313,0.1236,0
0.2394,0.1218,0
0.2562,0.1207,0
0.2416,0.1259,0
0.2609,0.1225,0
0.2036,0.123,0
0.2537,0.1216,0
0.2476,0.1224,0
0.2498,0.1241,0
0.2339,0.1211,0
0.2338,0.1231,0
0.2453,0.1233,0
0.243,0.1242,0
0.2575,0.1221,0
0.2521,0.1222,0
0.2443,0.1227,0
0.1767,0.1217,0
0.2323,0.1216,0
0.2499,0.1226,0
0.244,0.1208,0
0.2331,0.1213,0
0.2293,0.1204,0
0.2296,0.122,0
0.223,0.1212,0
0.2334,0.1246,0
0.2407,0.1228,0
0.2326,0.1226,0
0.226,0.1232,0
0.2371,0.1211,0
0.2373,0.1228,0
0.2354,0.1228,0
0.2366,0.1228,0
0.2308,0.1238,0
0.2304,0.1221,0
0.233,0.1243,0
0.223,0.1212,0
0.2211,0.1206,0
0.2306,0.1223,0
0.2131,0.1226,0
0.2175,0.1203,0
0.2165,0.1222,0
0.2426,0.1193,0
0.2312,0.1201,0
0.2332,0.1219,0
0.2336,0.1228,0
0.2327,0.1211,0
0.2148,0.1195,0
0.2235,0.1213,0
0.2253,0.1213,0
0.2373,0.121,0
0.2421,0.1224,0
0.2327,0.1206,0
0.2348,0.1214,0
0.2386,0.1226,0
0.2376,0.1214,0
0.2384,0.119,0
0.2096,0.1211,0
0.2038,0.1207,0
0.2232,0.1192,0
0.2358,0.1208,0
0.2512,0.1202,0
0.2346,0.1198,0
0.2574,0.1234,0
0.2351,0.1223,0
0.2398,0.1224,0
0.2422,0.121,0
0.2344,0.1228,0
0.2306,0.1248,0
0.245,0.1227,0
0.2365,0.1199,0
0.2307,0.1221,0
0.2294,0.122,0
0.2397,0.1227,0
0.2349,0.1191,0
0.2376,0.1206,0
0.2433,0.1203,0
0.2272,0.1195,0
0.2279,0.1188,0
0.2239,0.12,0
0.2261,0.1219,0
0.2103,0.1211,0
0.203,0.1213,0
0.2121,0.1212,0
0.2142,0.122,0
0.2073,0.1194,0
0.2121,0.1186,0
0.2172,0.1187,0
0.2315,0.1221,0
0.2174,0.1223,0
0.222,0.1228,0
0.212,0.1198,0
0.2219,0.1198,0
0.2236,0.1218,0
0.235,0.1209,0
0.2524,0.1214,0
0.2533,0.1207,0
0.2388,0.1212,0
0.2242,0.1187,0
0.2416,0.1206,0
0.2387,0.1202,0
0.235,0.1193,0
0.2262,0.1197,0
0.2544,0.1201,0
0.2607,0.1192,0
0.2671,0.1187,0
0.2595,0.1219,0
0.2477,0.1194,0
0.242,0.1207,0
0.2325,0.1215,0
0.2492,0.1252,0
0.2397,0.1231,0
0.2215,0.1257,0
0.2187,0.1239,0
0.1989,0.125,0
0.2042,0.1237,0
0.197,0.1237,0
0.2012,0.123,0
0.2086,0.1213,0
0.1904,0.1224,0
0.2164,0.1223,0
0.2125,0.1228,0
0.1941,0.1212,0
0.2078,0.121,0
0.2073,0.1238,0
0.2105,0.1194,0
0.2106,0.1216,0
0.2208,0.1222,0
0.2144,0.1216,0
0.2184,0.1232,0
0.2018,0.1207,0
0.2249,0.1236,0
0.2256,0.1232,0
0.234,0.1207,0
0.2344,0.1212,0
0.245,0.1179,0
0.2547,0.1186,0
0.2623,0.1516,0
0.2536,0.1197,0
0.2506,0.1207,0
0.2542,0.1202,0
0.2386,0.1195,0
0.2103,0.1171,0
0.2198,0.1196,0
0.2456,0.1195,0
0.2367,0.1203,0
0.2205,0.1199,0
0.2189,0.1194,0
0.2261,0.12,0
0.245,0.119,0
0.2325,0.1191,0
0.2475,0.1192,0
0.2314,0.1186,0
0.2405,0.1197,0
0.2344,0.1199,0
0.2618,0.1217,0
0.2369,0.1201,0
0.2623,0.1201,0
0.2531,0.1201,0
0.1719,0.1238,1
0.1808,0.1253,1
0.134,0.1268,1
0.0521,0.1259,1
0.2063,0.1254,1
0.0877,0.1264,1
0.2065,0.1264,1
0.2255,0.1256,1
0.099,0.1236,1
0.2028,0.1255,1
0.2021,0.126,1
0.2036,0.1266,1
0.2142,0.1259,1
0.0196,0.124,1
0.1817,0.1262,1
0.0186,0.1246,1
0.1754,0.1267,1
0.1794,0.126,1
0.1033,0.1258,1
0.2053,0.1246,1
0.2104,0.1266,1
0.042,0.1242,1
0.1627,0.124,1
0.2046,0.1247,1
0.1883,0.1257,1
0.1902,0.1266,1
0.0377,0.1256,1
0.1667,0.1252,1
0.1825,0.1246,1
0.1924,0.1221,1
0.1926,0.1241,1
0.0199,0.1261,1
0.1814,0.1246,1
0.2024,0.1237,1
0.1578,0.1243,1
0.192,0.1231,1
0.0779,0.1265,1
0.2027,0.1267,1
0.2298,0.1275,1
0.0462,0.1266,1
0.1905,0.1274,1
0.2275,0.1254,1
0.2129,0.1255,1
0.2124,0.1262,1
0.2191,0.127,1
0.2169,0.1251,1
0.2246,0.125,1
0.2187,0.1257,1
0.2186,0.1251,1
0.2167,0.1264,1
0.1913,0.1247,1
0.1938,0.1249,1
0.203,0.1254,1
0.1968,0.1242,1
0.2043,0.1238,1
0.2065,0.1241,1
0.2101,0.1228,1
0.2151,0.1242,1
0.2118,0.1239,1
0.2094,0.1246,1
0.1854,0.1263,1
0.1733,0.1217,1
0.1871,0.1245,1
0.2081,0.1238,1
0.0428,0.124,1
0.0221,0.1233,1
0.2224,0.126,1
0.1977,0.1227,1
0.2153,0.1255,1
0.213,0.1256,1
0.2287,0.1264,1
0.2193,0.1263,1
0.2212,0.1282,1
0.2246,0.126,1
0.2208,0.1259,1
0.1846,0.1251,1
0.2101,0.1254,1
0.2209,0.1258,1
0.2276,0.125,1
0.1555,0.1245,1
0.1698,0.123,1
0.2264,0.1232,1
0.2169,0.1243,1
0.2255,0.1228,1
0.2186,0.1251,1
0.227,0.1248,1
0.2137,0.1243,1
0.2094,0.1251,1
0.2298,0.1232,1
0.2294,0.1238,1
0.2271,0.124,1
0.2249,0.1242,1
0.2207,0.125,1
0.184,0.1238,1
0.1937,0.1249,1
0.2058,0.1252,1
0.1865,0.1248,1
0.2033,0.1255,1
0.1246,0.1269,1
0.2277,0.1258,1
0.2175,0.126,1
0.2111,0.1269,1
0.1972,0.1267,1
0.1951,0.1246,1
0.2172,0.1269,1
0.2292,0.1247,1
0.2162,0.1253,1
0.2252,0.1287,1
0.2186,0.1283,1
0.2212,0.129,1
0.2223,0.1281,1
0.2291,0.1284,1
0.2233,0.1266,1
0.2199,0.1285,1
0.2164,0.1268,1
0.22,0.1268,1
0.2205,0.1275,1
0.218,0.1264,1
0.2241,0.127,1
0.2232,0.1269,1
0.2204,0.126,1
0.2225,0.1254,1
0.2169,0.1263,1
0.2169,0.1268,1
0.2257,0.128,1
0.2257,0.1256,1
0.2244,0.1274,1
0.2243,0.1257,1
0.2278,0.1269,1
0.2247,0.1281,1
0.2246,0.1256,1
0.224,0.1252,1
0.2167,0.1246,1
0.2116,0.1275,1
0.219,0.1242,1
0.2182,0.1259,1
0.2173,0.1252,1
0.1963,0.1261,1
0.2077,0.1261,1
0.2028,0.1248,1
0.2102,0.124,1
0.2021,0.1234,1
0.2107,0.125,1
0.2162,0.1258,1
0.2149,0.1266,1
0.2195,0.1254,1
0.2177,0.1249,1
0.2189,0.1252,1
0.222,0.1249,1
0.229,0.1256,1
0.2271,0.1266,1
0.225,0.1255,1
0.2272,0.1268,1
0.2179,0.1244,1
0.2102,0.1261,1
0.2127,0.1243,1
0.2126,0.1242,1
0.2162,0.1266,1
0.2137,0.1254,1
0.2166,0.1257,1
0.2132,0.1248,1
0.2016,0.1266,1
0.192,0.1261,1
0.2002,0.1256,1
0.1926,0.1253,1
0.1932,0.1251,1
0.2008,0.1248,1
0.2289,0.1267,1
0.2276,0.1248,1
0.2083,0.1254,1
0.1975,0.1237,1
0.2115,0.1253,1
0.2109,0.1238,1
0.2186,0.1251,1
0.2199,0.123,1
0.2242,0.1245,1
0.2205,0.1242,1
0.2251,0.1252,1
0.2209,0.1245,1
0.217,0.1248,1
0.2113,0.1252,1
0.2204,0.1234,1
0.1923,0.1249,1
0.1968,0.1263,1
0.2203,0.1247,1
0.1964,0.1244,1
0.1904,0.1243,1
0.2066,0.1228,1
0.2143,0.1253,1
0.2124,0.1245,1
0.2053,0.1243,1
0.2208,0.1242,1
0.222,0.1235,1
0.2275,0.1242,1
0.2286,0.1237,1
0.2294,0.1232,1
0.2199,0.1241,1
0.2181,0.1231,1
0.2273,0.123,1
0.2288,0.1248,1
0.2183,0.1229,1
0.2189,0.1232,1
0.221,0.1233,1
0.2236,0.124,1
0.2232,0.1245,1
0.2252,0.124,1
0.2209,0.1237,1
0.2121,0.1254,1
0.2094,0.1229,1
0.1974,0.1235,1
0.2152,0.1223,1
0.2283,0.124,1
0.2053,0.1231,1
0.2226,0.1247,1
0.218,0.1248,1
0.2292,0.1246,1
0.2292,0.1227,1
0.2066,0.1247,1
0.2143,0.1244,1
0.2128,0.1234,1
0.2144,0.1257,1
0.2122,0.1212,1
0.2178,0.1223,1
0.2176,0.1239,1
0.223,0.1239,1
0.2179,0.1248,1
0.2152,0.1245,1
0.2247,0.1248,1
0.2234,0.1235,1
0.2203,0.1243,1
0.2122,0.1244,1
0.1972,0.1234,1
0.1997,0.1225,1
0.2204,0.1232,1
0.2073,0.1225,1
0.1995,0.1238,1
0.2083,0.1231,1
0.2184,0.124,1
0.2167,0.1253,1
0.2148,0.1243,1
0.2262,0.1246,1
0.2225,0.1235,1
0.2209,0.1242,1
0.2255,0.1245,1
0.2243,0.1248,1
0.2244,0.1232,1
0.2293,0.1251,1
0.2245,0.1238,1
0.2251,0.1242,1
0.2184,0.1229,1
0.2192,0.1235,1
0.2214,0.1231,1
0.2288,0.1221,1
0.2224,0.1244,1
0.2288,0.1231,1
0.2296,0.1234,1
0.2267,0.1247,1
0.2252,0.1243,1
0.2168,0.125,1
0.223,0.1223,1
0.226,0.1235,1
0.2169,0.1232,1
0.2162,0.1244,1
0.2176,0.1231,1
0.2232,0.1227,1
0.2264,0.123,1
0.2115,0.1244,1
0.229,0.1219,1
0.218,0.1239,1
0.2148,0.1247,1
0.2193,0.122,1
0.2242,0.1233,1
0.215,0.1229,1
0.2216,0.1251,1
0.2183,0.1218,1
0.2216,0.1234,1
0.2224,0.1232,1
0.2211,0.1227,1
0.2254,0.1233,1
0.2124,0.1246,1
0.2059,0.123,1
0.2047,0.1239,1
0.2239,0.1236,1
0.22,0.1235,1
0.2256,0.1236,1
0.2283,0.1234,1
0.2193,0.1236,1
0.2129,0.1224,1
0.2165,0.1237,1
0.2285,0.1222,1
0.2128,0.1233,1
0.2087,0.1225,1
0.2234,0.1223,1
0.2215,0.1217,1
0.2218,0.1219,1
0.2209,0.1241,1
0.2258,0.1231,1
0.2216,0.1242,1
0.2298,0.1231,1
0.2112,0.1229,1
0.2043,0.1216,1
0.2144,0.1228,1
0.2119,0.1234,1
0.2199,0.1226,1
0.209,0.1227,1
0.2211,0.1238,1
0.2204,0.1243,1
0.2252,0.123,1
0.2248,0.1215,1
0.2202,0.1246,1
0.216,0.1222,1
0.2151,0.1223,1
0.2232,0.1215,1
0.2195,0.1219,1
0.2276,0.1225,1
0.226,0.1226,1
0.2247,0.1232,1
0.2167,0.1215,1
0.2227,0.1222,1
0.2222,0.1219,1
0.2141,0.1237,1
0.2082,0.1225,1
0.2149,0.1239,1
0.2277,0.1225,1
0.2216,0.1241,1
0.2235,0.1219,1
0.2172,0.124,1
0.2147,0.123,1
0.2205,0.1237,1
0.2229,0.1219,1
0.2133,0.122,1
0.1395,0.1245,1
0.2271,0.1236,1
0.2213,0.1239,1
0.2034,0.1221,1
0.0212,0.1228,1
0.2162,0.1212,1
0.2271,0.124,1
0.2263,0.1263,1
0.2263,0.1301,1
0.2239,0.1257,1
0.2095,0.1302,1
0.2074,0.1299,1
0.2191,0.1289,1
0.224,0.1299,1
0.2065,0.1285,1
0.2126,0.1272,1
0.2292,0.1272,1
0.2229,0.1292,1
0.22,0.1272,1
0.2201,0.1289,1
0.2177,0.1266,1
0.2084,0.1282,1
0.1917,0.1291,1
0.2033,0.1277,1
0.2182,0.1286,1
0.2085,0.1291,1
0.2039,0.1285,1
0.2188,0.1273,1
0.2265,0.1269,1
0.2187,0.1274,1
0.2288,0.1255,1
0.2238,0.1277,1
0.2211,0.1254,1
0.2248,0.1266,1
0.1991,0.1277,1
0.2056,0.1278,1
0.2211,0.1267,1
0.21,0.1284,1
0.2071,0.1292,1
0.2167,0.1282,1
0.2145,0.1279,1
0.2161,0.1279,1
0.2161,0.1278,1
0.2124,0.1273,1
0.2076,0.1281,1
0.1905,0.1281,1
0.2002,0.127,1
0.2029,0.1272,1
0.1984,0.1265,1
0.2056,0.1278,1
0.2018,0.1265,1
0.2121,0.1276,1
0.2092,0.127,1
0.2047,0.1277,1
0.2078,0.1271,1
0.2122,0.1286,1
0.1918,0.1281,1
0.1999,0.1285,1
0.1892,0.1273,1
0.1936,0.1259,1
0.1974,0.1267,1
0.2051,0.1278,1
0.2039,0.1266,1
0.2061,0.1267,1
0.2099,0.1278,1
0.2133,0.1268,1
0.2213,0.126,1
0.2226,0.126,1
0.2131,0.1254,1
0.2176,0.1287,1
0.2288,0.127,1
0.2132,0.1265,1
0.2208,0.1265,1
0.2279,0.1271,1
0.2292,0.1259,1
0.2299,0.1269,1
0.2273,0.126,1
0.219,0.1276,1
0.2057,0.128,1
0.2094,0.1264,1
0.2272,0.126,1
0.2273,0.1284,1
0.2212,0.1265,1
0.2295,0.1264,1
0.2274,0.1258,1
0.2101,0.1269,1
0.2248,0.1259,1
0.2223,0.1254,1
0.2099,0.1265,1
0.2255,0.127,1
0.2279,0.125,1
0.2262,0.1274,1
0.2286,0.126,1
0.2258,0.126,1
0.2007,0.1257,1
0.205,0.1265,1
0.2223,0.1253,1
0.2076,0.1267,1
0.2216,0.125,1
0.2225,0.1247,1
0.2234,0.1256,1
0.2231,0.1248,1
0.2192,0.1257,1
0.2173,0.1259,1
0.2001,0.1261,1
0.2022,0.1262,1
0.2238,0.1239,1
0.2055,0.1263,1
0.2083,0.1268,1
0.2184,0.1245,1
0.2193,0.126,1
0.2134,0.1272,1
0.2166,0.1247,1
0.2117,0.1258,1
0.2062,0.1254,1
0.1983,0.125,1
0.1954,0.1257,1
0.2111,0.1248,1
0.2113,0.1243,1
0.2027,0.1243,1
0.2054,0.1253,1
0.2132,0.1247,1
0.223,0.1235,1
0.2235,0.1241,1
0.2179,0.1259,1
0.2015,0.1258,1
0.2031,0.1265,1
0.212,0.1249,1
0.2032,0.1263,1
0.2122,0.1247,1
0.2123,0.1253,1
0.2229,0.1257,1
0.2127,0.125,1
0.2098,0.1245,1
0.2139,0.1254,1
0.2042,0.1256,1
0.2109,0.1262,1
0.211,0.125,1
0.1982,0.1253,1
0.2189,0.1246,1
0.2222,0.1237,1
0.2211,0.1257,1
0.2094,0.1233,1
0.1896,0.1258,1
0.2112,0.126,1
0.2156,0.1266,1
0.213,0.127,1
0.2037,0.1259,1
0.0807,0.1239,1
0.2129,0.1251,1
0.1881,0.1256,1
0.2124,0.1253,1
0.2206,0.1263,1
0.2264,0.124,1
0.2125,0.1252,1
0.2243,0.1245,1
0.2221,0.124,1
0.2187,0.1246,1
0.225,0.1238,1
0.225,0.125,1
0.2221,0.1239,1
0.218,0.1253,1
0.2106,0.1238,1
0.1977,0.1255,1
0.2167,0.1246,1
0.2253,0.1264,1
0.2146,0.1236,1
0.2149,0.1248,1
0.2196,0.1226,1
0.2159,0.1249,1
0.2185,0.124,1
0.2192,0.1237,1
0.216,0.1249,1
0.2062,0.1262,1
0.196,0.1238,1
0.1665,0.1223,1
0.1833,0.1241,1
0.2039,0.1229,1
0.218,0.1264,1
0.224,0.1245,1
0.2183,0.1264,1
0.2209,0.1244,1
0.2201,0.1239,1
0.2249,0.1247,1
0.2223,0.1236,1
0.2257,0.1247,1
0.2096,0.1254,1
0.1944,0.1239,1
0.1997,0.1258,1
0.2114,0.1262,1
0.2076,0.1236,1
0.2177,0.1248,1
0.2109,0.1249,1
0.2132,0.1245,1
0.2131,0.126,1
0.2236,0.1253,1
0.2217,0.125,1
0.2256,0.1247,1
0.22,0.1253,1
0.2108,0.1252,1
0.2229,0.1243,1
0.218,0.127,1
0.2286,0.1266,1
0.2092,0.1265,1
0.2067,0.126,1
0.2011,0.126,1
0.2208,0.1231,1
0.1389,0.1232,1
0.2292,0.1241,1
0.2166,0.1243,1
0.211,0.125,1
0.2197,0.122,1
0.2206,0.1233,1
0.2293,0.1229,1
0.226,0.1233,1
0.2245,0.1248,1
0.2239,0.1254,1
0.2235,0.1229,1
0.2266,0.1263,1
0.2116,0.1172,1
0.205,0.1142,1
0.2269,0.1233,1
0.2091,0.1245,1
0.1946,0.123,1
0.2076,0.1225,1
0.1977,0.1229,1
0.1903,0.1203,1
0.1903,0.1236,1
0.1951,0.1213,1
0.2206,0.1264,1
0.023,0.1254,1
0.217,0.1248,1
0.0922,0.1241,1
0.2239,0.1249,1
0.0561,0.1227,1
0.2277,0.1244,1
0.2256,0.1248,1
0.2288,0.1259,1
0.2214,0.125,1
0.2244,0.1223,1
0.2242,0.1242,1
0.2244,0.1249,1
0.2274,0.1235,1
0.225,0.1238,1
0.2212,0.1247,1
0.2257,0.1218,1
0.2278,0.1241,1
0.2269,0.1216,1
0.2278,0.1228,1
0.2247,0.1248,1
0.2236,0.1219,1
0.2184,0.1229,1
0.2164,0.123,1
0.2288,0.1236,1
0.2254,0.123,1
0.2134,0.1229,1
0.2195,0.1229,1
0.2182,0.1232,1
0.2242,0.1224,1
0.2264,0.1247,1
0.2111,0.1234,1
0.2161,0.1227,1
0.2101,0.1223,1
0.2011,0.1233,1
0.2119,0.1215,1
0.2037,0.1226,1
0.2277,0.1235,1
0.2273,0.1226,1
0.2231,0.1226,1
0.2274,0.1226,1
0.2271,0.1223,1
0.2254,0.1212,1
0.2277,0.123,1
0.2277,0.122,1
0.2085,0.1215,1
0.2138,0.1229,1
0.2163,0.1236,1
0.2171,0.1227,1
0.0587,0.1235,1
0.1606,0.1227,1
0.0634,0.1156,1
0.1892,0.1223,1
0.2153,0.1273,1
0.225,0.1251,1
0.23,0.126,1
0.2284,0.1254,1
0.2229,0.1257,1
0.2254,0.1271,1
0.2285,0.1266,1
0.2203,0.1251,1
0.2225,0.1266,1
0.2212,0.1255,1
0.2297,0.1252,1
0.2295,0.1247,1
0.2248,0.1229,1
0.2178,0.1251,1
0.2274,0.1265,1
0.2284,0.1257,1
0.2293,0.1253,1
0.2221,0.123,1
0.2277,0.1221,1
0.1952,0.1245,1
0.1971,0.125,1
0.2298,0.1268,1
0.2292,0.1252,1
0.2288,0.1241,1
0.2228,0.1265,1
0.2264,0.1249,1
0.2251,0.1251,1
0.2232,0.1252,1
0.2262,0.1253,1
0.2274,0.1239,1
0.2294,0.1235,1
0.2244,0.1256,1
0.2274,0.1239,1
0.1989,0.1263,1
0.2015,0.1253,1
0.1681,0.1252,1
0.2246,0.125,1
0.2252,0.1257,1
0.2282,0.1231,1
0.2276,0.1233,1
0.2283,0.1229,1
0.2252,0.125,1
0.2182,0.1239,1
0.2082,0.1239,1
0.2225,0.1247,1
0.2259,0.1246,1
0.229,0.1245,1
0.2208,0.1229,1
0.2278,0.1237,1
0.2178,0.1236,1
0.2217,0.1243,1
0.2121,0.1225,1
0.2233,0.1232,1
0.2056,0.1242,1
0.2193,0.1243,1
0.2235,0.1241,1
0.2194,0.1238,1
0.222,0.1219,1
0.2196,0.1225,1
0.2151,0.1225,1
0.217,0.1234,1
0.2077,0.1231,1
0.2044,0.1232,1
0.2108,0.1224,1
0.196,0.1225,1
0.1881,0.1241,1
0.1937,0.124,1
0.2108,0.1217,1
0.2019,0.1229,1
0.204,0.1245,1
0.2075,0.1231,1
0.2275,0.1228,1
0.2262,0.1227,1
0.218,0.1225,1
0.2262,0.1221,1
0.2214,0.1233,1
0.2176,0.1214,1
0.2275,0.1218,1
0.2294,0.1221,1
0.2121,0.1219,1
0.2186,0.123,1
0.2171,0.1215,1
0.2048,0.1226,1
0.2213,0.1219,1
0.2066,0.1227,1
0.2056,0.1209,1
0.2162,0.1246,1
0.225,0.1226,1
0.2276,0.1218,1
0.2216,0.1218,1
0.2214,0.1222,1
0.2252,0.1224,1
0.2252,0.1238,1
0.2258,0.1226,1
0.2298,0.1234,1
0.2237,0.1172,1
0.2255,0.1252,1
0.214,0.1232,1
0.0314,0.1235,1
0.1691,0.1251,1
0.0242,0.1245,1
0.2253,0.1227,1
0.2152,0.1253,1
0.0408,0.1236,1
0.2109,0.1251,1
0.2082,0.1222,1
0.1918,0.1247,1
0.2237,0.1213,1
0.2145,0.2523,1
0.2195,0.3944,1
0.2118,0.3486,1
0.2226,0.2232,1
0.1986,0.1935,1
0.2168,0.122,1
0.2186,0.1225,1
0.2254,0.1212,1
0.2002,0.1263,1
0.1352,0.1251,1
0.1327,0.1241,1
0.2268,0.1246,1
0.1957,0.1251,1
0.2157,0.1252,1
0.226,0.1259,1
0.2063,0.1259,1
0.2234,0.1248,1
0.2238,0.1247,1
0.2234,0.1264,1
0.2236,0.124,1
0.2263,0.1229,1
0.2212,0.1248,1
0.2216,0.123,1
0.2182,0.1226,1
0.2181,0.1219,1
0.2269,0.1238,1
0.2293,0.1243,1
0.2146,0.1233,1
0.23,0.126,1
0.2266,0.1253,1
0.22,0.1238,1
0.2299,0.1223,1
0.2255,0.1243,1
0.2226,0.1245,1
0.2217,0.124,1
0.2199,0.1243,1
0.2293,0.1239,1
0.2248,0.1247,1
0.212,0.1227,1
0.2224,0.123,1
0.2131,0.1246,1
0.2168,0.1244,1
0.2169,0.1237,1
0.2178,0.1234,1
0.2296,0.1239,1
0.2179,0.124,1
0.2229,0.1233,1
0.2213,0.1234,1
0.219,0.1244,1
0.2154,0.1231,1
0.2087,0.1224,1
0.2156,0.1234,1
0.2282,0.1237,1
0.2208,0.124,1
0.2269,0.1238,1
0.2204,0.1242,1
0.2239,0.1234,1
0.2282,0.1242,1
0.1421,0.1259,1
0.2082,0.1234,1
0.1382,0.1256,1
0.2075,0.1256,1
0.2298,0.1244,1
0.0498,0.126,1
0.1748,0.1255,1
0.2179,0.1261,1
0.2296,0.1259,1
0.2146,0.1279,1
0.2193,0.1258,1
0.2259,0.1237,1
0.2227,0.124,1
0.219,0.126,1
0.2063,0.1322,1
0.2125,0.1245,1
0.2026,0.1164,1
0.0319,0.125,1
0.2207,0.1263,1
0.1321,0.1246,1
0.228,0.1247,1
0.2205,0.1265,1
0.2165,0.1253,1
0.2279,0.1273,1
0.2239,0.1263,1
0.2286,0.1257,1
0.2162,0.1237,1
0.2193,0.1251,1
0.2278,0.3793,1
0.2076,0.3968,1
0.2101,0.448,1
0.2087,0.5956,1
0.2058,0.44,1
0.201,0.4253,1
0.2013,0.2487,1
0.2001,0.1242,1
0.2133,0.1232,1
0.2169,0.1261,1
0.0455,0.1197,1
0.2293,0.1227,1
0.2211,0.1238,1
0.1948,0.1208,1
0.2167,0.1208,1
0.226,0.1213,1
0.2271,0.1217,1
0.2208,0.1224,1
0.217,0.1225,1
0.219,0.122,1
0.2156,0.1226,1
0.2008,0.1229,1
0.1965,0.1222,1
0.212,0.1237,1
0.2138,0.1235,1
0.2196,0.1227,1
0.0168,0.1237,1
0.2284,0.1234,1
0.2292,0.1214,1
0.2259,0.1227,1
0.2296,0.1225,1
0.2261,0.1219,1
0.2292,0.1234,1
0.2188,0.1212,1
0.1918,0.1183,1
0.2226,0.1207,1
0.2069,0.1255,1
0.2295,0.1247,1
0.2278,0.1245,1
0.2287,0.1239,1
0.2182,0.125,1
0.2218,0.1222,1
0.2205,0.123,1
0.2248,0.1241,1
0.212,0.1228,1
0.2227,0.1239,1
0.2184,0.1223,1
0.2125,0.1237,1
0.2296,0.1238,1
0.2255,0.1184,1
0.2291,0.1187,1
0.2159,0.1222,1
0.2225,0.1208,1
0.2283,0.1206,1
0.2291,0.1236,1
0.2056,0.1239,1
0.23,0.1247,1
0.2095,0.1249,1
0.1962,0.1262,1
0.2287,0.1252,1
0.0776,0.1273,1
0.2294,0.1247,1
0.2295,0.125,1
0.2247,0.1254,1
0.1842,0.1266,1
0.227,0.1272,1
0.2298,0.1268,1
0.2207,0.1241,1
0.2271,0.126,1
0.227,0.1267,1
0.2278,0.1251,1
0.2285,0.1287,1
0.2256,0.1241,1
0.1526,0.1275,1
0.2261,0.1296,1
0.2257,0.1255,1
0.2282,0.125,1
0.2138,0.1196,1
0.2261,0.1245,1
0.2286,0.1188,1
0.0338,0.1246,1
0.0801,0.1252,1
0.2284,0.1271,1
0.2223,0.1245,1
0.2294,0.1197,1
0.2264,0.1199,1
0.2298,0.125,1
0.2279,0.1254,1
0.2125,0.1271,1
0.2224,0.1261,1
0.23,0.1258,1
0.2132,0.1256,1
0.2226,0.1218,1
0.2137,0.1158,1
0.2228,0.12,1
0.2264,0.1215,1
0.2235,0.1203,1
0.2217,0.1231,1
0.2256,0.1273,1
0.2283,0.1249,1
0.2287,0.1244,1
0.2281,0.1252,1
0.2242,0.122,1
0.2263,0.1237,1
0.2184,0.127,1
0.2247,0.1256,1
0.2298,0.1268,1
0.2298,0.1239,1
0.2227,0.1279,1
0.1895,0.1277,1
0.2203,0.1303,1
0.2287,0.1275,1
0.2252,0.1254,1
0.2246,0.1244,1
0.2278,0.1193,1
0.2291,0.1171,1
0.2286,0.1198,1
0.2275,0.1195,1
0.2222,0.125,1
0.2284,0.125,1
0.2255,0.1252,1
0.2255,0.1235,1
0.2296,0.1228,1
0.2281,0.1241,1
0.226,0.1239,1
0.2297,0.1225,1
0.2246,0.1232,1
0.2292,0.1226,1
0.2261,0.1215,1
0.2244,0.1172,1
0.2224,0.1253,1
0.2162,0.1221,1
0.2286,0.1214,1
0.2197,0.1252,1
0.2266,0.1246,1
0.1997,0.1226,1
0.1634,0.1233,1
0.2091,0.1255,1
0.2266,0.1263,1
0.2233,0.1298,1
0.2279,0.1297,1
0.2151,0.1276,1
0.2187,0.1288,1
0.2291,0.1293,1
0.2263,0.1287,1
0.2251,0.1292,1
0.2278,0.1287,1
0.2283,0.1264,1
0.2149,0.1277,1
0.2249,0.1276,1
0.2233,0.1287,1
0.2258,0.1278,1
0.2188,0.1296,1
0.2236,0.1283,1
0.2242,0.1291,1
0.2217,0.1291,1
0.2245,0.1292,1
0.2217,0.1272,1
0.2228,0.1279,1
0.2233,0.1293,1
0.2234,0.1287,1
0.2204,0.1277,1
0.2152,0.1255,1
0.2178,0.1248,1
0.2272,0.1291,1
0.2298,0.1288,1
0.2148,0.1301,1
0.2265,0.132,1
0.2285,0.1261,1
0.2254,0.1256,1
0.2282,0.1258,1
0.229,0.1187,1
0.2228,0.1192,1
0.2237,0.1184,1
0.2254,0.1209,1
0.2267,0.122,1
0.2218,0.1218,1
0.2284,0.1239,1
0.2266,0.1236,1
0.224,0.1175,1
0.0813,0.1291,1
0.2179,0.1234,1
0.202,0.1224,1
0.2207,0.1236,1
0.2223,0.1275,1
0.2156,0.1285,1
0.2262,0.1235,1
0.2246,0.1197,1
0.217,0.125,1
0.2181,0.1255,1
0.215,0.1266,1
0.2194,0.1277,1
0.2217,0.1252,1
0.2159,0.1253,1
0.2224,0.1258,1
0.2271,0.1177,1
0.2233,0.1248,1
0.2281,0.1277,1
0.2262,0.128,1
0.2275,0.1212,1
0.1363,0.1199,1
0.2266,0.1226,1
0.2204,0.1227,1
0.2257,0.1185,1
0.2288,0.1223,1
0.2283,0.1231,1
0.2247,0.1228,1
0.2251,0.1232,1
0.2276,0.1234,1
0.2254,0.1234,1
0.186,0.1221,1
0.2246,0.1229,1
0.2298,0.1242,1
0.2254,0.1237,1
0.2271,0.1244,1
0.2145,0.1246,1
0.2237,0.1249,1
0.2249,0.1232,1
0.2244,0.1232,1
0.228,0.1248,1
0.2283,0.126,1
0.2283,0.1223,1
0.229,0.1263,1
0.2275,0.1231,1
0.2222,0.1234,1
0.2285,0.1254,1
0.1187,0.1272,1
0.2263,0.1248,1
0.2244,0.123,1
0.2171,0.1235,1
0.2232,0.1254,1
0.2285,0.1252,1
0.2233,0.1243,1
0.2233,0.1226,1
0.2283,0.1277,1
0.2244,0.1256,1
0.2181,0.1268,1
0.2281,0.1262,1
0.2294,0.1249,1
0.2209,0.1229,1
0.2255,0.1229,1
0.2084,0.1255,1
0.0892,0.1235,1
0.2051,0.1221,1
0.2122,0.1233,1
0.2156,0.12,1
0.21,0.1147,1
0.1977,0.1214,1
0.2171,0.1227,1
0.2187,0.1256,1
0.218,0.1263,1
0.2265,0.1248,1
0.2182,0.1251,1
0.2246,0.1241,1
0.0779,0.1245,1
0.063,0.1233,1
0.2118,0.125,1
0.2261,0.1229,1
0.2273,0.1237,1
0.2217,0.1233,1
0.2227,0.124,1
0.2221,0.1244,1
0.2217,0.125,1
0.2196,0.1246,1
0.2195,0.1246,1
0.2215,0.1231,1
0.2206,0.1235,1
0.2227,0.1308,1
0.2126,0.1266,1
0.23,0.1209,1
0.2283,0.1206,1
0.2286,0.1209,1
0.2219,0.1222,1
0.2241,0.1227,1
0.2271,0.121,1
0.2266,0.1201,1
0.2274,0.121,1
0.2291,0.1208,1
0.225,0.1215,1
0.2269,0.1234,1
0.2292,0.1214,1
0.2275,0.1216,1
0.223,0.1209,1
0.2208,0.1206,1
0.2236,0.1218,1
0.2255,0.1208,1
0.2279,0.1197,1
0.2219,0.1201,1
0.222,0.1226,1
0.2165,0.1201,1
0.2146,0.1217,1
0.2209,0.1212,1
0.2268,0.1217,1
0.2186,0.1194,1
0.2151,0.1234,1
0.2251,0.1232,1
0.2239,0.1225,1
0.2288,0.1232,1
0.219,0.1246,1
0.218,0.123,1
0.2196,0.1242,1
0.2223,0.1248,1
0.2206,0.1218,1
0.2156,0.1233,1
0.2164,0.1242,1
0.2151,0.1234,1
0.2169,0.1236,1
0.2157,0.1228,1
0.2153,0.1233,1
0.2167,0.1178,1
0.2192,0.1186,1
0.2204,0.1188,1
0.2198,0.1207,1
0.2185,0.1204,1
0.2249,0.1196,1
0.2296,0.1179,1
0.2293,0.1179,1
0.2237,0.1185,1
0.2265,0.1194,1
0.227,0.119,1
0.2276,0.1191,1
0.226,0.1185,1
0.2217,0.1226,1
0.2235,0.1222,1
0.2242,0.1201,1
0.2238,0.1167,1
0.2215,0.1186,1
0.2186,0.1199,1
0.2219,0.125,1
0.2268,0.1236,1
0.2209,0.1216,1
0.2288,0.1223,1
0.2261,0.1221,1
0.2285,0.122,1
0.2292,0.1223,1
0.2187,0.1204,1
0.2217,0.1226,1
0.2285,0.1232,1
0.2281,0.122,1
0.1797,0.1234,1
0.2226,0.1262,1
0.2255,0.1234,1
0.2195,0.116,1
0.2223,0.117,1
0.2241,0.1229,1
0.1904,0.1225,1
0.2241,0.1715,1
0.2164,0.1191,1
0.2126,0.1201,1
0.2182,0.1212,1
0.2057,0.1172,1
0.2286,0.1211,1
0.2167,0.1213,1
0.2268,0.1237,1
0.2276,0.1217,1
0.2238,0.1253,1
0.2254,0.1247,1
0.2213,0.1215,1
0.2245,0.1248,1
0.2228,0.1224,1
0.2214,0.1232,1
0.2186,0.1232,1
0.2296,0.1228,1
0.2278,0.1253,1
0.2145,0.1257,1
0.2166,0.1225,1
0.2257,0.1239,1
0.2292,0.1234,1
0.23,0.1224,1
0.2299,0.1246,1
0.2299,0.1228,1
0.2288,0.1235,1
0.2257,0.1245,1
0.2285,0.1232,1
0.2277,0.1232,1
0.2175,0.122,1
0.2266,0.1222,1
0.23,0.1224,1
0.2184,0.1242,1
0.2201,0.1219,1
0.2271,0.124,1
0.2289,0.1222,1
0.2272,0.1245,1
0.2046,0.1218,1
0.2075,0.1245,1
0.2155,0.1229,1
0.2229,0.1234,1
0.224,0.1229,1
0.23,0.1235,1
0.2283,0.1236,1
0.2242,0.1228,1
0.2243,0.1229,1
0.2232,0.1231,1
0.2256,0.1239,1
0.2204,0.1222,1
0.2248,0.1235,1
0.2268,0.1227,1
0.2262,0.1228,1
0.2286,0.1195,1
0.2297,0.1378,1
0.2288,0.1217,1
0.2271,0.1228,1
0.2224,0.1151,1
0.2267,0.1212,1
0.217,0.1847,1
0.2174,0.1221,1
0.197,0.1234,1
0.2194,0.1216,1
0.2231,0.1224,1
0.2236,0.1236,1
0.2274,0.1216,1
0.2299,0.1236,1
0.0981,0.1235,1
0.2204,0.1255,1
0.2256,0.1226,1
0.2241,0.1221,1
0.2267,0.122,1
0.2266,0.1233,1
0.2288,0.1226,1
0.2042,0.1223,1
0.2103,0.1239,1
0.0998,0.1231,1
0.2289,0.1226,1
0.221,0.1242,1
0.2263,0.1224,1
0.2188,0.124,1
0.2219,0.1225,1
0.2216,0.1222,1
0.2131,0.1221,1
0.2133,0.1227,1
0.2135,0.1224,1
0.2135,0.121,1
0.2096,0.1209,1
0.2066,0.122,1
0.205,0.1218,1
0.2113,0.122,1
0.2175,0.1216,1
0.2147,0.1215,1
0.2144,0.1229,1
0.2153,0.1222,1
0.2189,0.122,1
0.2243,0.1218,1
0.2051,0.1231,1
0.2154,0.1231,1
0.2209,0.1217,1
0.2223,0.1217,1
0.2204,0.1223,1
0.2149,0.1224,1
0.2195,0.1226,1
0.225,0.1224,1
0.2215,0.1234,1
0.2241,0.1234,1
0.2261,0.1212,1
0.2238,0.1235,1
0.2278,0.1233,1
0.2256,0.1226,1
0.2188,0.1232,1
0.221,0.1216,1
0.2137,0.1232,1
0.2096,0.1245,1
0.219,0.1219,1
0.2193,0.1224,1
0.0849,0.124,1
0.213,0.1219,1
0.2258,0.1225,1
0.2073,0.123,1
0.2141,0.1238,1
0.2167,0.121,1
0.2205,0.1232,1
0.2186,0.1236,1
0.2133,0.1225,1
0.2263,0.1221,1
0.0413,0.121,1
0.0488,0.1206,1
0.206,0.1187,1
0.2203,0.1225,1
0.2141,0.1197,1
0.2176,0.1201,1
0.2026,0.1155,1
0.2191,0.1175,1
0.2112,0.1211,1
0.2078,0.1199,1
0.2192,0.1234,1
0.2229,0.1226,1
0.2127,0.1236,1
0.212,0.1226,1
0.2145,0.1234,1
0.2183,0.1237,1
0.2243,0.1232,1
0.2294,0.1213,1
0.2237,0.1226,1
0.2279,0.1231,1
0.2268,0.1251,1
0.2266,0.1249,1
0.2291,0.1223,1
0.2224,0.122,1
0.2288,0.1251,1
0.2225,0.1212,1
0.2226,0.1227,1
0.2201,0.1206,1
0.2231,0.122,1
0.2252,0.1236,1
0.2222,0.1251,1
0.2203,0.1243,1
0.228,0.1229,1
0.2242,0.1247,1
0.2277,0.1225,1
0.2289,0.1205,1
0.2238,0.122,1
0.2205,0.1212,1
0.2245,0.1242,1
0.2233,0.1216,1
0.226,0.1259,1
0.2269,0.1251,1
0.2195,0.1247,1
0.2216,0.1261,1
0.2258,0.1221,1
0.224,0.1218,1
0.2262,0.1222,1
0.2183,0.1234,1
0.2137,0.1211,1
0.2294,0.1256,1
0.2214,0.1221,1
0.2267,0.1248,1
0.2231,0.1202,1
0.1388,0.1245,1
0.1751,0.1686,1
0.184,0.1321,1
0.2264,0.1207,1
0.2292,0.1216,1
0.2263,0.1234,1
0.2289,0.1248,1
0.1947,0.1254,1
0.2291,0.1252,1
0.2175,0.1244,1
0.2267,0.1242,1
0.2281,0.1231,1
0.2292,0.1223,1
0.2291,0.1231,1
0.2259,0.1225,1
0.2271,0.1227,1
0.2289,0.1232,1
0.2279,0.1234,1
0.2259,0.1229,1
0.2287,0.1228,1
0.2299,0.1232,1
0.23,0.1229,1
0.2274,0.1402,1
0.2072,0.1247,1
0.2282,0.1239,1
0.2268,0.1242,1
0.2217,0.1239,1
0.2252,0.1242,1
0.2255,0.1221,1
0.2289,0.123,1
0.2257,0.1231,1
0.2237,0.1247,1
0.171,0.123,1
0.2253,0.1253,1
0.2199,0.1221,1
0.2208,0.125,1
0.2215,0.1257,1
0.2218,0.1231,1
0.1807,0.1227,1
0.2264,0.1227,1
0.2255,0.1249,1
0.2267,0.1255,1
0.2275,0.1237,1
0.2294,0.1234,1
0.2274,0.1227,1
0.2258,0.1225,1
0.228,0.1219,1
0.2289,0.1223,1
0.2253,0.1246,1
0.224,0.1237,1
0.2192,0.1228,1
0.2251,0.1229,1
0.2226,0.1222,1
0.2217,0.1235,1
0.2281,0.1217,1
0.226,0.1224,1
0.2282,0.1233,1
0.2297,0.1227,1
0.2281,0.1228,1
0.2276,0.123,1
0.2298,0.1225,1
0.2297,0.123,1
0.2298,0.1177,1
0.1751,0.1204,1
0.2246,0.1236,1
0.226,0.1258,1
0.2255,0.1245,1
0.2273,0.1264,1
0.2293,0.1256,1
0.2252,0.1258,1
0.2244,0.1244,1
0.2213,0.1231,1
0.2273,0.1238,1
0.1661,0.1259,1
0.18,0.1232,1
0.2235,0.1243,1
0.2262,0.1221,1
0.2264,0.1153,1
0.2298,0.1197,1
0.2297,0.1233,1
0.2275,0.1263,1
0.2276,0.1236,1
0.1411,0.1245,1
0.2137,0.1246,1
0.2275,0.1239,1
0.229,0.124,1
0.2259,0.1231,1
0.2281,0.1243,1
0.225,0.1247,1
0.2268,0.1236,1
0.2225,0.123,1
0.2248,0.1235,1
0.2285,0.1217,1
0.2281,0.1275,1
0.2299,0.1253,1
0.2291,0.1243,1
0.23,0.1211,1
0.2272,0.1201,1
0.2198,0.1205,1
0.2271,0.1153,1
0.2278,0.1191,1
0.2184,0.1229,1
0.2254,0.1238,1
0.2278,0.1236,1
0.2207,0.1237,1
0.2277,0.1249,1
0.2291,0.126,1
0.2225,0.1242,1
0.2222,0.124,1
0.2218,0.1246,1
0.2246,0.1247,1
0.2229,0.124,1
0.2256,0.1162,1
0.2175,0.1188,1
0.2197,0.1203,1
0.2254,0.1223,1
0.2212,0.1216,1
0.2298,0.1222,1
0.2291,0.1226,1
0.2296,0.1227,1
0.2271,0.1233,1
0.2258,0.1221,1
0.2297,0.1235,1
0.2293,0.123,1
0.2217,0.1226,1
0.2254,0.1241,1
0.2279,0.1243,1
0.0715,0.1234,1
0.2207,0.1237,1
0.2154,0.1244,1
0.2243,0.1245,1
0.2267,0.1245,1
0.2218,0.1241,1
0.2206,0.1248,1
0.2199,0.1257,1
0.2206,0.1253,1
0.2185,0.1237,1
0.2202,0.1245,1
0.2251,0.123,1
0.2225,0.1249,1
0.2252,0.1233,1
0.2175,0.1233,1
0.2167,0.125,1
0.229,0.1237,1
0.2284,0.1228,1
0.2242,0.1225,1
0.2213,0.1251,1
0.2164,0.1255,1
0.2217,0.1246,1
0.22,0.1235,1
0.22,0.1201,1
0.2182,0.1213,1
0.2197,0.123,1
0.2175,0.1213,1
0.2187,0.1208,1
0.2193,0.1219,1
0.2163,0.123,1
0.2165,0.121,1
0.2191,0.1231,1
0.2183,0.1225,1
0.2147,0.122,1
0.2237,0.1145,1
0.2283,0.1203,1
0.2252,0.1207,1
0.2265,0.123,1
0.2253,0.1239,1
0.2263,0.1241,1
0.2288,0.1236,1
0.229,0.1244,1
0.2259,0.1253,1
0.2297,0.1247,1
0.223,0.1255,1
0.2218,0.124,1
0.2241,0.124,1
0.2284,0.1232,1
0.2239,0.1234,1
0.2222,0.1257,1
0.2247,0.1235,1
0.2268,0.1241,1
0.2264,0.1251,1
0.2289,0.1239,1
0.2269,0.1233,1
0.2286,0.1241,1
0.2266,0.1235,1
0.2231,0.1247,1
0.2248,0.1243,1
0.2261,0.127,1
0.2248,0.1257,1
0.2211,0.126,1
0.2195,0.124,1
0.2254,0.1177,1
0.2267,0.1184,1
0.2258,0.1215,1
0.2236,0.1247,1
0.2217,0.125,1
0.2292,0.1222,1
0.2287,0.1237,1
0.2276,0.1257,1
0.2237,0.1235,1
0.2225,0.1246,1
0.2263,0.1252,1
0.2216,0.1253,1
0.2245,0.1256,1
0.2284,0.1247,1
0.2271,0.1255,1
0.2282,0.1262,1
0.2279,0.1252,1
0.2227,0.1212,1
0.2196,0.1211,1
0.2245,0.1239,1
0.2247,0.1246,1
0.2271,0.1242,1
0.2282,0.1237,1
0.2221,0.123,1
0.224,0.1255,1
0.2289,0.1262,1
0.2238,0.1235,1
0.2269,0.1252,1
0.2299,0.1234,1
0.2275,0.1247,1
0.2272,0.1252,1
0.2284,0.1243,1
0.2258,0.1247,1
0.2098,0.1244,1
0.2259,0.1231,1
0.2179,0.1262,1
0.2215,0.1235,1
0.2159,0.1237,1
0.2254,0.1251,1
0.3035,0.1167,0
0.2986,0.1183,0
0.3263,0.118,0
0.3299,0.1166,0
0.3199,0.1179,0
0.3414,0.1171,0
0.3169,0.1169,0
0.3156,0.1169,0
0.3671,0.1191,0
0.3323,0.1147,0
0.3113,0.1167,0
0.331,0.1186,0
0.3117,0.1169,0
0.3233,0.119,0
0.3229,0.1172,0
0.3242,0.1184,0
0.3367,0.1175,0
0.3319,0.1176,0
0.3223,0.118,0
0.3253,0.1174,0
0.3156,0.119,0
0.3384,0.1193,0
0.3107,0.1195,0
0.3347,0.1178,0
0.3371,0.1187,0
0.3286,0.1183,0
0.3204,0.1194,0
0.3411,0.1177,0
0.3051,0.1188,0
0.3265,0.1181,0
0.3144,0.117,0
0.305,0.1177,0
0.3173,0.1172,0
0.3274,0.1198,0
0.3218,0.1196,0
0.3201,0.119,0
0.2974,0.1183,0
0.3226,0.1191,0
0.3188,0.1187,0
0.2784,0.1186,0
0.3343,0.1191,0
0.3296,0.1174,0
0.3197,0.117,0
0.3269,0.1177,0
0.3294,0.1183,0
0.3193,0.1186,0
0.3299,0.1193,0
0.3307,0.1192,0
0.3294,0.1193,0
0.3288,0.1194,0
0.3279,0.1156,0
0.3184,0.1793,0
0.3177,0.1212,0
0.3166,0.1824,0
0.3115,0.1249,0
0.3144,0.1198,0
0.3239,0.1187,0
0.3182,0.1183,0
0.3185,0.1183,0
0.319,0.1189,0
0.3124,0.1186,0
0.3227,0.1183,0
0.3185,0.1185,0
0.3249,0.1186,0
0.3235,0.1181,0
0.3136,0.1184,0
0.3124,0.1187,0
0.3155,0.1179,0
0.312,0.1193,0
0.3212,0.1179,0
0.3194,0.118,0
0.3245,0.1196,0
0.324,0.1191,0
0.3235,0.1179,0
0.3209,0.1201,0
0.316,0.1181,0
0.3245,0.1178,0
0.3376,0.1187,0
0.324,0.1183,0
0.2429,0.1222,0
0.3281,0.1173,0
0.3174,0.1189,0
0.3255,0.1194,0
0.3148,0.1173,0
0.3131,0.1186,0
0.3228,0.1186,0
0.1598,0.1186,0
0.3302,0.1179,0
0.3263,0.1179,0
0.3189,0.1187,0
0.2974,0.1196,0
0.3247,0.1185,0
0.3201,0.1181,0
0.3225,0.1185,0
0.3223,0.1174,0
0.3155,0.1196,0
0.3162,0.1175,0
0.3166,0.1164,0
0.323,0.1197,0
0.3201,0.1208,0
0.3139,0.1182,0
0.2925,0.1191,0
0.3191,0.1162,0
0.3248,0.118,0
0.3204,0.1184,0
0.3197,0.1176,0
0.3266,0.1182,0
0.3316,0.1177,0
0.3196,0.1184,0
0.3153,0.1175,0
0.3155,0.1179,0
0.3148,0.1178,0
0.3256,0.1189,0
0.2986,0.1177,0
0.3181,0.1207,0
0.3147,0.119,0
0.3218,0.1184,0
0.3186,0.1183,0
0.3217,0.1216,0
0.3214,0.119,0
0.3226,0.1181,0
0.3218,0.1191,0
0.3144,0.1182,0
0.3078,0.1188,0
0.324,0.12,0
0.3206,0.1177,0
0.3176,0.1196,0
0.3237,0.1195,0
0.317,0.1178,0
0.3183,0.1196,0
0.3121,0.1186,0
0.3196,0.1179,0
0.3154,0.1193,0
0.3064,0.119,0
0.308,0.1188,0
0.3112,0.1194,0
0.3199,0.1191,0
0.3016,0.1193,0
0.3057,0.1184,0
0.3146,0.1191,0
0.318,0.1184,0
0.3182,0.1188,0
0.318,0.1192,0
0.3031,0.1201,0
0.3021,0.1194,0
0.3108,0.1188,0
0.318,0.1184,0
0.3211,0.1205,0
0.3191,0.1206,0
0.3192,0.1187,0
0.3115,0.1192,0
0.314,0.1205,0
0.3134,0.1208,0
0.3186,0.12,0
0.3205,0.1203,0
0.3099,0.118,0
0.3117,0.1203,0
0.3043,0.1184,0
0.3252,0.1195,0
0.3174,0.1189,0
0.3287,0.1199,0
0.2639,0.1186,0
0.3176,0.1186,0
0.3223,0.1206,0
0.3155,0.1203,0
0.3038,0.1198,0
0.324,0.1206,0
0.3238,0.1208,0
0.321,0.1181,0
0.3218,0.1207,0
0.3193,0.1177,0
0.3085,0.1187,0
0.3201,0.1197,0
0.2961,0.1185,0
0.3176,0.1193,0
0.3048,0.12,0
0.3036,0.1178,0
0.3051,0.1188,0
0.3096,0.118,0
0.3117,0.1186,0
0.2685,0.1185,0
0.2557,0.1187,0
0.2652,0.1192,0
0.2676,0.1192,0
0.273,0.1185,0
0.3204,0.1202,0
0.2965,0.1185,0
0.31,0.1176,0
0.3148,0.1204,0
0.3047,0.1178,0
0.3019,0.1184,0
0.2991,0.1184,0
0.2825,0.1183,0
0.2703,0.1174,0
0.3019,0.1191,0
0.3091,0.1197,0
0.3024,0.1184,0
0.2684,0.1182,0
0.3086,0.122,0
0.2774,0.1173,0
0.2965,0.1189,0
0.3052,0.1203,0
0.3004,0.1188,0
0.3025,0.118,0
0.3061,0.1197,0
0.3049,0.1183,0
0.3013,0.1183,0
0.3021,0.1184,0
0.3099,0.1187,0
0.2757,0.1181,0
0.3036,0.1186,0
0.3039,0.1185,0
0.3035,0.1204,0
0.3121,0.1173,0
0.3168,0.119,0
0.3066,0.1191,0
0.3047,0.1184,0
0.3101,0.1186,0
0.3053,0.1183,0
0.3041,0.1185,0
0.3022,0.1186,0
0.3065,0.1185,0
0.3075,0.1184,0
0.3142,0.1212,0
0.311,0.1185,0
0.3007,0.1185,0
0.3053,0.1181,0
0.3073,0.1185,0
0.3119,0.1191,0
0.3074,0.1203,0
0.307,0.1183,0
0.3224,0.1184,0
0.3055,0.1215,0
0.3079,0.1191,0
0.3032,0.1206,0
0.3096,0.119,0
0.313,0.119,0
0.3071,0.119,0
0.3085,0.119,0
0.3072,0.1199,0
0.3065,0.12,0
0.2982,0.1181,0
0.3098,0.1196,0
0.3054,0.1209,0
0.3077,0.1195,0
0.2925,0.1209,0
0.2994,0.1202,0
0.2964,0.12,0
0.2867,0.1239,0
0.3031,0.1199,0
0.3095,0.1195,0
0.3144,0.1192,0
0.3068,0.1187,0
0.3047,0.1194,0
0.3173,0.1198,0
0.3015,0.119,0
0.3078,0.1189,0
0.2954,0.1187,0
0.3055,0.1195,0
0.306,0.1183,0
0.3008,0.1201,0
0.2286,0.1196,0
0.3052,0.1187,0
0.298,0.1183,0
0.3009,0.1189,0
0.3079,0.1183,0
0.3085,0.1183,0
0.3052,0.1188,0
0.3052,0.1193,0
0.3119,0.1189,0
0.3067,0.1192,0
0.3042,0.1183,0
0.3009,0.119,0
0.3007,0.1193,0
0.3115,0.1184,0
0.3192,0.1188,0
0.3049,0.1183,0
0.3181,0.1193,0
0.297,0.1187,0
0.3014,0.1194,0
0.3129,0.1195,0
0.3105,0.1199,0
0.3156,0.1204,0
0.302,0.1194,0
0.3098,0.12,0
0.3023,0.1204,0
0.3033,0.12,0
0.3031,0.1202,0
0.2973,0.1199,0
0.2046,0.12,0
0.2981,0.1203,0
0.2975,0.1204,0
0.3101,0.1202,0
0.3017,0.1186,0
0.2967,0.1193,0
0.3046,0.1211,0
0.2959,0.1198,0
0.1429,0.1205,0
0.2925,0.1202,0
0.3138,0.12,0
0.3191,0.1196,0
0.2911,0.1188,0
0.306,0.119,0
0.3101,0.1188,0
0.3072,0.1191,0
0.2829,0.12,0
0.3185,0.1191,0
0.3019,0.1183,0
0.2847,0.1186,0
0.3193,0.1191,0
0.3212,0.1175,0
0.3178,0.1196,0
0.3095,0.1185,0
0.3189,0.1191,0
0.3077,0.1197,0
0.3155,0.1201,0
0.312,0.1192,0
0.3043,0.1188,0
0.308,0.1212,0
0.3086,0.1192,0
0.3007,0.1185,0
0.3033,0.1181,0
0.3038,0.1189,0
0.3037,0.1194,0
0.2965,0.1187,0
0.3057,0.1198,0
0.312,0.1192,0
0.3035,0.1184,0
0.3141,0.1193,0
0.3084,0.1193,0
0.3107,0.1192,0
0.306,0.1186,0
0.3093,0.1188,0
0.3069,0.1184,0
0.3036,0.1196,0
0.2137,0.1186,0
0.315,0.1187,0
0.303,0.1203,0
0.302,0.1199,0
0.3141,0.118,0
0.3106,0.1189,0
0.2998,0.1177,0
0.3097,0.1174,0
0.3107,0.1195,0
0.3003,0.1194,0
0.3096,0.1192,0
0.3252,0.1192,0
0.3099,0.1184,0
0.317,0.1187,0
0.3106,0.1192,0
0.314,0.1208,0
0.3154,0.1185,0
0.3125,0.1189,0
0.3153,0.1196,0
0.309,0.1194,0
0.3077,0.1184,0
0.3079,0.121,0
0.3122,0.1202,0
0.2994,0.1209,0
0.3052,0.1201,0
0.3129,0.1193,0
0.3153,0.12,0
0.3063,0.1193,0
0.3076,0.1191,0
0.128,0.1184,0
0.3115,0.1188,0
0.3052,0.1182,0
0.313,0.119,0
0.3001,0.1183,0
0.3117,0.1189,0
0.3109,0.1184,0
0.3117,0.1195,0
0.3095,0.1205,0
0.3102,0.1193,0
0.3102,0.1196,0
0.3157,0.12,0
0.3061,0.1214,0
0.3042,0.1198,0
0.3064,0.1213,0
0.3026,0.1198,0
0.3181,0.119,0
0.3053,0.1197,0
0.3032,0.1194,0
0.3187,0.12,0
0.3135,0.1196,0
0.3065,0.1188,0
0.3053,0.1194,0
0.3104,0.1197,0
0.2951,0.1204,0
0.3136,0.1207,0
0.305,0.12,0
0.3098,0.1193,0
0.3071,0.1192,0
0.3112,0.1201,0
0.3109,0.1195,0
0.3101,0.1199,0
0.3022,0.1205,0
0.3067,0.12,0
0.3153,0.1195,0
0.3075,0.1198,0
0.3076,0.1202,0
0.3042,0.1218,0
0.3134,0.1205,0
0.3087,0.1242,0
0.3049,0.1199,0
0.3132,0.1199,0
0.3042,0.1203,0
0.3063,0.1205,0
0.3186,0.1211,0
0.3152,0.1199,0
0.3121,0.1197,0
0.313,0.1195,0
0.2874,0.1179,0
0.3182,0.1192,0
0.2995,0.1189,0
0.3088,0.1196,0
0.3042,0.1194,0
0.3067,0.1201,0
0.3149,0.1185,0
0.3128,0.1203,0
0.3027,0.1177,0
0.306,0.1189,0
0.3124,0.1184,0
0.3053,0.1189,0
0.3077,0.1176,0
0.3107,0.1185,0
0.32,0.1193,0
0.3051,0.1179,0
0.2691,0.1179,0
0.3045,0.1176,0
0.3125,0.1191,0
0.2977,0.1195,0
0.3025,0.1207,0
0.3052,0.1205,0
0.2965,0.1186,0
0.2454,0.1194,0
0.3087,0.1193,0
0.3003,0.1186,0
0.3036,0.1203,0
0.3027,0.1197,0
0.3016,0.1201,0
0.3023,0.1186,0
0.3067,0.1199,0
0.3121,0.1188,0
0.3056,0.1197,0
0.3063,0.1207,0
0.3071,0.12,0
0.3082,0.1204,0
0.3099,0.1199,0
0.318,0.1198,0
0.3111,0.1201,0
0.3053,0.1194,0
0.306,0.1213,0
0.3092,0.1209,0
0.3111,0.1205,0
0.3041,0.1199,0
0.3108,0.1195,0
0.3184,0.1195,0
0.3161,0.1216,0
0.3187,0.1215,0
0.3131,0.1208,0
0.32,0.1214,0
0.3162,0.1202,0
0.3161,0.1198,0
0.3183,0.12,0
0.2808,0.1203,0
0.3045,0.119,0
0.2737,0.1202,0
0.2901,0.1206,0
0.3071,0.1191,0
0.3053,0.1195,0
0.3004,0.1211,0
0.2672,0.1203,0
0.3004,0.1197,0
0.3122,0.1195,0
0.3173,0.1181,0
0.3112,0.1183,0
0.3198,0.1206,0
0.3091,0.1198,0
0.315,0.1194,0
0.3162,0.1201,0
0.3058,0.1196,0
0.3052,0.1195,0
0.3118,0.1201,0
0.315,0.1213,0
0.3051,0.1191,0
0.3192,0.1184,0
0.2982,0.1196,0
0.3017,0.1211,0
0.307,0.1211,0
0.3072,0.1201,0
0.3077,0.12,0
0.3164,0.1201,0
0.3062,0.1197,0
0.3142,0.1207,0
0.3052,0.1194,0
0.3124,0.1188,0
0.3105,0.1204,0
0.309,0.1203,0
0.3102,0.1192,0
0.3196,0.1198,0
0.3152,0.1196,0
0.3063,0.1177,0
0.3095,0.1189,0
0.2982,0.1198,0
0.3074,0.1203,0
0.2978,0.1204,0
0.3011,0.1204,0
0.3123,0.1209,0
0.3133,0.1204,0
0.3191,0.1221,0
0.3148,0.1198,0
0.3216,0.1197,0
0.3132,0.1193,0
0.3182,0.1205,0
0.3112,0.1201,0
0.303,0.121,0
0.305,0.121,0
0.3014,0.1224,0
0.3103,0.1214,0
0.3028,0.1211,0
0.2962,0.1215,0
0.2968,0.1215,0
0.3009,0.122,0
0.301,0.1255,0
0.3049,0.1216,0
0.3099,0.1215,0
0.3092,0.1219,0
0.2934,0.1214,0
0.3038,0.1203,0
0.3069,0.1207,0
0.3119,0.1206,0
0.31,0.122,0
0.3042,0.1189,0
0.2896,0.1268,0
0.1542,0.1198,0
0.2966,0.1199,0
0.3005,0.12,0
0.2982,0.1183,0
0.3053,0.1198,0
0.3072,0.1195,0
0.292,0.1246,0
0.3133,0.1391,0
0.2995,0.1311,0
0.3045,0.121,0
0.2261,0.1208,0
0.3179,0.1187,0
0.3111,0.1191,0
0.3074,0.1193,0
0.3121,0.1189,0
0.3187,0.1184,0
0.3144,0.1201,0
0.3102,0.1171,0
0.3149,0.1199,0
0.3165,0.1199,0
0.3057,0.1212,0
0.3021,0.1198,0
0.2945,0.1201,0
0.2968,0.1198,0
0.3116,0.1193,0
0.3051,0.1188,0
0.3103,0.1198,0
0.3091,0.1197,0
0.3088,0.1207,0
0.2425,0.1208,0
0.2987,0.1196,0
0.3188,0.1191,0
0.3175,0.1183,0
0.3155,0.1182,0
0.3013,0.1184,0
0.3153,0.1189,0
0.3094,0.1206,0
0.3114,0.1195,0
0.3115,0.1202,0
0.3012,0.1202,0
0.2649,0.1197,0
0.3118,0.1186,0
0.3058,0.1198,0
0.2898,0.1192,0
0.2838,0.1203,0
0.2971,0.1191,0
0.3108,0.1189,0
0.311,0.1195,0
0.3148,0.1181,0
0.3089,0.1187,0
0.3149,0.1196,0
0.312,0.1196,0
0.3047,0.1197,0
0.3027,0.1184,0
0.3058,0.1191,0
0.2963,0.1186,0
0.3009,0.1192,0
0.3105,0.1198,0
0.3005,0.1187,0
0.3008,0.1183,0
0.282,0.1192,0
0.2603,0.118,0
0.2766,0.1187,0
0.3133,0.1197,0
0.3055,0.1182,0
0.3119,0.1187,0
0.307,0.1191,0
0.3072,0.1181,0
0.3157,0.12,0
0.309,0.1184,0
0.3063,0.1191,0
0.3083,0.1182,0
0.3136,0.1191,0
0.306,0.1194,0
0.3036,0.1208,0
0.3003,0.1195,0
0.302,0.1213,0
0.2959,0.1194,0
0.2984,0.12,0
0.3045,0.1204,0
0.1766,0.1211,0
0.3075,0.12,0
0.3025,0.1197,0
0.2968,0.1188,0
0.2989,0.1203,0
0.3199,0.1203,0
0.3019,0.1213,0
0.3104,0.1176,0
0.3007,0.1204,0
0.2947,0.1179,0
0.3154,0.1187,0
0.3068,0.1188,0
0.2228,0.1178,1
0.0981,0.119,1
0.0902,0.1178,1
0.1223,0.1183,1
0.111,0.1172,1
0.1022,0.1187,1
0.0923,0.1177,1
0.2204,0.1179,1
0.0851,0.1176,1
0.2188,0.1184,1
0.103,0.1192,1
0.1798,0.1184,1
0.0982,0.1207,1
0.2201,0.1188,1
0.113,0.119,1
0.1681,0.1189,1
0.0535,0.1184,1
0.1949,0.118,1
0.0401,0.1198,1
0.1827,0.1186,1
0.176,0.1217,1
0.0466,0.1182,1
0.0498,0.119,1
0.1955,0.1175,1
0.0461,0.1196,1
0.0697,0.1178,1
0.0594,0.1193,1
0.1046,0.118,1
0.2241,0.1212,1
0.1212,0.1176,1
0.1636,0.12,1
0.0841,0.1193,1
0.1902,0.1213,1
0.0574,0.1201,1
0.0683,0.1179,1
0.2294,0.1194,1
0.2249,0.1181,1
0.1755,0.1181,1
0.1127,0.1191,1
0.2265,0.1193,1
0.0459,0.1183,1
0.2294,0.1174,1
0.0517,0.1199,1
0.0729,0.1201,1
0.1162,0.12,1
0.1038,0.1188,1
0.1021,0.1214,1
0.1661,0.1213,1
0.092,0.118,1
0.0566,0.1204,1
0.1872,0.1198,1
0.0801,0.1203,1
0.068,0.1222,1
0.0815,0.1207,1
0.1534,0.1197,1
0.1681,0.1202,1
0.1001,0.1211,1
0.1083,0.1166,1
0.2824,0.8981,1
0.1188,0.1182,1
0.0613,0.1178,1
0.229,0.1166,1
0.114,0.1162,1
0.2222,0.1205,1
0.1201,0.1172,1
0.1377,0.1218,1
0.2291,0.1222,1
0.1047,0.1226,1
0.1536,0.2324,1
0.0857,0.1257,1
0.2104,0.1192,1
0.1574,0.1214,1
0.2106,0.1215,1
0.2211,0.2664,1
0.2071,0.2501,1
0.2155,0.2843,1
0.194,0.1198,1
0.1206,0.1217,1
0.177,0.1217,1
0.1,0.1224,1
0.2235,0.1251,1
0.327,0.1308,0
0.2827,0.1269,0
0.292,0.1229,0
0.3179,0.1231,0
0.3592,0.1212,0
0.2917,0.1243,0
0.2914,0.1244,0
0.2948,0.1224,0
0.2968,0.1246,0
0.3251,0.1258,0
0.2966,0.1236,0
0.3129,0.1244,0
0.3078,0.1236,0
0.3035,0.1258,0
0.3212,0.1263,0
0.2993,0.1249,0
0.3102,0.1235,0
0.3094,0.1211,0
0.1131,0.1259,0
0.3151,0.1221,0
0.2999,0.1238,0
0.3248,0.1257,0
0.2936,0.1206,0
0.3213,0.1221,0
0.1881,0.1237,0
0.3439,0.1255,0
0.2386,0.1233,0
0.3242,0.1255,0
0.2927,0.124,0
0.3115,0.1239,0
0.3049,0.1228,0
0.2519,0.1226,0
0.3277,0.1207,0
0.3401,0.1239,0
0.3012,0.123,0
0.313,0.123,0
0.3213,0.1228,0
0.3306,0.1212,0
0.3107,0.1235,0
0.2993,0.1239,0
0.3186,0.124,0
0.3208,0.1243,0
0.2757,0.121,0
0.3234,0.1214,0
0.3194,0.1232,0
0.31,0.1251,0
0.3243,0.1251,0
0.3277,0.1235,0
0.2878,0.1221,0
0.3307,0.1397,0
0.3073,0.1259,0
0.3348,0.1225,0
0.3325,0.1243,0
0.2897,0.122,0
0.31,0.1244,0
0.3141,0.1273,0
0.3191,0.1252,0
0.352,0.1236,0
0.307,0.1299,0
0.3019,0.1248,0
0.3073,0.1248,0
0.3302,0.1219,0
0.3195,0.126,0
0.3154,0.1233,0
0.3398,0.1236,0
0.3377,0.1266,0
0.3321,0.1256,0
0.3354,0.1294,0
0.3267,0.1234,0
0.3333,0.1232,0
0.3145,0.1247,0
0.3299,0.1227,0
0.3318,0.1219,0
0.3452,0.1235,0
0.3447,0.1246,0
0.3211,0.1267,0
0.3066,0.1255,0
0.3103,0.1299,0
0.345,0.1241,0
0.3141,0.1243,0
0.3153,0.1265,0
0.3119,0.1217,0
0.3096,0.1217,0
0.3409,0.1235,0
0.3619,0.124,0
0.3188,0.1256,0
0.3264,0.1274,0
0.3287,0.1264,0
0.3081,0.1239,0
0.3236,0.1222,0
0.3095,0.1266,0
0.3097,0.1253,0
0.2852,0.1226,0
0.3153,0.1284,0
0.3036,0.124,0
0.3033,0.1256,0
0.3258,0.125,0
0.3184,0.1235,0
0.336,0.1257,0
0.2784,0.1238,0
0.3145,0.1259,0
0.3209,0.1262,0
0.3192,0.1241,0
0.3354,0.1269,0
0.2432,0.123,0
0.3173,0.1234,0
0.3277,0.126,0
0.3101,0.1252,0
0.2947,0.1219,0
0.2792,0.1236,0
0.3159,0.1247,0
0.3259,0.1255,0
0.3309,0.1248,0
0.2983,0.1236,0
0.3097,0.1214,0
0.3165,0.1247,0
0.3022,0.1247,0
0.3083,0.1234,0
0.3085,0.1233,0
0.1126,0.1242,0
0.3118,0.1229,0
0.3041,0.1318,0
0.3323,0.1279,0
0.316,0.1256,0
0.3209,0.1237,0
0.2997,0.1257,0
0.2986,0.1212,0
0.3037,0.1243,0
0.3035,0.1214,0
0.3158,0.1231,0
0.3301,0.1252,0
0.2837,0.1245,0
0.3335,0.1225,0
0.3137,0.122,0
0.1331,0.1268,0
0.3153,0.1221,0
0.2996,0.122,0
0.3259,0.122,0
0.3127,0.1247,0
0.3142,0.1253,0
0.0632,0.1264,0
0.3186,0.1233,0
0.334,0.1205,0
0.3065,0.1228,0
0.3084,0.1222,0
0.3209,0.1225,0
0.2772,0.125,0
0.3385,0.125,0
0.3064,0.1302,0
0.3513,0.1291,0
0.283,0.1229,0
0.322,0.1225,0
0.226,0.1212,0
0.2235,0.1248,0
0.3443,0.123,0
0.3307,0.1231,0
0.3103,0.123,0
0.3488,0.1239,0
0.3248,0.1225,0
0.3546,0.1223,0
0.2909,0.1223,0
0.3241,0.1216,0
0.3106,0.1223,0
0.3242,0.1242,0
0.3258,0.1244,0
0.2282,0.1206,0
0.3488,0.1201,0
0.3168,0.1226,0
0.3171,0.1261,0
0.3637,0.1264,0
0.3398,0.1239,0
0.3292,0.1232,0
0.2577,0.1234,0
0.3206,0.1244,0
0.3261,0.1219,0
0.3174,0.1212,0
0.2668,0.1229,0
0.3229,0.1233,0
0.2729,0.1238,0
0.3131,0.124,0
0.3333,0.119,0
0.3436,0.1237,0
0.3269,0.1236,0
0.2338,0.1225,0
0.3205,0.1206,0
0.3094,0.1253,0
0.3198,0.1226,0
0.0673,0.1241,0
0.1,0.1238,0
0.3187,0.1226,0
0.3355,0.1225,0
0.3238,0.125,0
0.2965,0.1248,0
0.1217,0.1229,0
0.1527,0.1239,0
0.3464,0.1244,0
0.3144,0.1235,0
0.3019,0.1255,0
0.3348,0.1228,0
0.3177,0.1227,0
0.3131,0.1218,0
0.3328,0.1222,0
0.3181,0.122,0
0.3288,0.1242,0
0.29,0.1274,0
0.3196,0.1231,0
0.3006,0.1203,0
0.3037,0.1227,0
0.3172,0.1228,0
0.3482,0.1218,0
0.3374,0.1263,0
0.3395,0.1247,0
0.0764,0.1226,0
0.3337,0.1206,0
0.3234,0.122,0
0.2838,0.1231,0
0.3347,0.1234,0
0.327,0.1242,0
0.3008,0.127,0
0.3233,0.1235,0
0.3069,0.124,0
0.3117,0.1219,0
0.317,0.1204,0
0.3274,0.1214,0
0.3242,0.1216,0
0.293,0.1199,0
0.2791,0.1223,0
0.3273,0.1223,0
0.3013,0.1233,0
0.2905,0.125,0
0.3126,0.1226,0
0.1274,0.1217,0
0.3037,0.1221,0
0.2343,0.1254,0
0.3135,0.1258,0
0.3098,0.1259,0
0.2862,0.1231,0
0.3073,0.1229,0
0.304,0.1218,0
0.2932,0.1542,0
0.3092,0.1216,0
0.3118,0.1218,0
0.3093,0.1238,0
0.3059,0.1204,0
0.2731,0.1223,0
0.2932,0.1228,0
0.3029,0.1246,0
0.1788,0.1282,0
0.296,0.1247,0
0.2835,0.1223,0
0.3197,0.1234,0
0.2529,0.1225,0
0.2938,0.1219,0
0.2893,0.1233,0
0.3025,0.1329,0
0.3021,0.1219,0
0.3154,0.1214,0
0.2454,0.1245,0
0.3128,0.1229,0
0.3258,0.1212,0
0.281,0.125,0
0.3259,0.1215,0
0.3073,0.1222,0
0.3207,0.1187,0
0.2954,0.1261,0
0.2902,0.1211,0
0.2991,0.1223,0
0.3074,0.1234,0
0.3229,0.1272,0
0.2737,0.1221,0
0.2878,0.1241,0
0.3201,0.1375,0
0.3081,0.1219,0
0.2815,0.1269,0
0.2492,0.1218,0
0.3037,0.1251,0
0.3007,0.123,0
0.2994,0.1248,0
0.2755,0.1227,0
0.299,0.1212,0
0.293,0.1217,0
0.311,0.1233,0
0.1635,0.1221,0
0.3106,0.1224,0
0.317,0.1195,0
0.2955,0.1269,0
0.2859,0.1241,0
0.2962,0.1279,0
0.2543,0.1205,0
0.3175,0.1248,0
0.3077,0.1245,0
0.3081,0.123,0
0.2883,0.1218,0
0.313,0.1385,0
0.3377,0.1183,0
0.3285,0.124,0
0.2361,0.1242,0
0.3283,0.1217,0
0.3146,0.1228,0
0.3271,0.1238,0
0.2658,0.1286,0
0.3135,0.1233,0
0.329,0.1226,0
0.3336,0.1217,0
0.3204,0.1257,0
0.3387,0.1258,0
0.3273,0.1272,0
0.3356,0.1247,0
0.3219,0.1335,0
0.2984,0.1278,0
0.332,0.1398,0
0.3328,0.1264,0
0.2999,0.1234,0
0.3193,0.1246,0
0.3334,0.1293,0
0.3286,0.1229,0
0.3355,0.1231,0
0.3148,0.1241,0
0.3126,0.1245,0
0.1049,0.1242,0
0.253,0.1258,0
0.329,0.1232,0
0.308,0.1212,0
0.2653,0.1215,0
0.3169,0.1235,0
0.3221,0.1211,0
0.3014,0.1215,0
0.1088,0.1238,0
0.3273,0.121,0
0.319,0.1237,0
0.2273,0.1211,0
0.3047,0.1206,0
0.2966,0.1211,0
0.2974,0.1233,0
0.2495,0.1246,0
0.3049,0.1225,0
0.3202,0.1219,0
0.3153,0.1237,0
0.3196,0.123,0
0.3095,0.1221,0
0.311,0.1254,0
0.2969,0.1201,0
0.2992,0.1231,0
0.2756,0.1225,0
0.315,0.1272,0
0.2979,0.1228,0
0.3046,0.1211,0
0.3337,0.1194,0
0.3166,0.1231,0
0.2993,0.1193,0
0.2995,0.1235,0
0.2748,0.1226,0
0.3362,0.1243,0
0.3062,0.1239,0
0.306,0.1243,0
0.3098,0.1211,0
0.306,0.1235,0
0.2609,0.1238,0
0.3349,0.1199,0
0.2674,0.1227,0
0.3363,0.1209,0
0.3074,0.1251,0
0.3268,0.1192,0
0.339,0.1244,0
0.2408,0.1233,0
0.3186,0.1237,0
0.3136,0.1238,0
0.3073,0.1265,0
0.3217,0.1236,0
0.3416,0.1219,0
0.3011,0.121,0
0.3527,0.1227,0
0.3127,0.1207,0
0.2777,0.123,0
0.3341,0.1204,0
0.283,0.1226,0
0.3251,0.1207,0
0.3159,0.1216,0
0.3186,0.1242,0
0.3404,0.1222,0
0.3218,0.1207,0
0.3134,0.1231,0
0.3005,0.1213,0
0.3301,0.1209,0
0.3002,0.1264,0
0.3222,0.1197,0
0.3067,0.1223,0
0.3287,0.1214,0
0.3118,0.1195,0
0.2985,0.1249,0
0.3027,0.1233,0
0.3077,0.1206,0
0.3088,0.1262,0
0.3016,0.1227,0
0.3315,0.1249,0
0.3156,0.1262,0
0.3253,0.1226,0
0.2756,0.1202,0
0.2741,0.1189,0
0.3523,0.1218,0
0.3313,0.1204,0
0.3172,0.1232,0
0.3227,0.1216,0
0.3155,0.1216,0
0.318,0.1218,0
0.3049,0.1224,0
0.2879,0.1202,0
0.3019,0.1223,0
0.3068,0.1233,0
0.3217,0.1234,0
0.3172,0.1225,0
0.3105,0.1218,0
0.3095,0.1238,0
0.3304,0.122,0
0.3303,0.1248,0
0.3443,0.1293,0
0.3484,0.1206,0
0.3246,0.1243,0
0.3184,0.121,0
0.3184,0.1236,0
0.3249,0.121,0
0.265,0.1223,0
0.3192,0.1272,0
0.3255,0.1261,0
0.3257,0.1224,0
0.306,0.1231,0
0.3096,0.1253,0
0.318,0.1224,0
0.3062,0.1227,0
0.3231,0.1238,0
0.3014,0.1226,0
0.2445,0.1245,0
0.2133,0.124,0
0.2949,0.1218,0
0.311,0.121,0
0.3574,0.1269,0
0.3352,0.1232,0
0.2257,0.1204,0
0.3191,0.1234,0
0.2929,0.1241,0
0.3364,0.1211,0
0.328,0.1235,0
0.3305,0.1237,0
0.3249,0.123,0
0.3217,0.1235,0
0.3058,0.1223,0
0.3288,0.1212,0
0.3424,0.122,0
0.3151,0.1224,0
0.3086,0.1227,0
0.2735,0.1214,0
0.3351,0.1207,0
0.3369,0.1234,0
0.3159,0.123,0
0.2868,0.1215,0
0.3151,0.1218,0
0.258,0.1227,0
0.319,0.1231,0
0.3037,0.1194,0
0.3182,0.1218,0
0.321,0.1232,0
0.2989,0.1211,0
0.3371,0.1216,0
0.2975,0.1223,0
0.3206,0.1208,0
0.3118,0.1214,0
0.2529,0.121,0
0.2963,0.1232,0
0.2994,0.1217,0
0.2836,0.1239,0
0.2867,0.1218,0
0.2866,0.1232,0
0.3066,0.1221,0
0.2311,0.1213,0
0.3106,0.1197,0
0.3046,0.1209,0
0.2949,0.1223,0
0.3231,0.1227,0
0.3177,0.124,0
0.3066,0.1246,0
0.3161,0.1252,0
0.3439,0.1232,0
0.3244,0.1219,0
0.3358,0.1498,0
0.3034,0.1221,0
0.3293,0.1224,0
0.3226,0.1313,0
0.2521,0.1248,0
0.3072,0.1219,0
0.3219,0.1253,0
0.2974,0.1289,0
0.3111,0.121,0
0.3097,0.1248,0
0.285,0.1245,0
0.3206,0.1255,0
0.3248,0.1193,0
0.3747,0.1245,0
0.3324,0.1237,0
0.3426,0.1211,0
0.319,0.1213,0
0.306,0.1216,0
0.3141,0.1242,0
0.302,0.1203,0
0.2987,0.1221,0
0.3307,0.1239,0
0.3114,0.1228,0
0.3257,0.1224,0
0.3107,0.1259,0
0.3182,0.1249,0
0.3492,0.1213,0
0.3259,0.1243,0
0.304,0.1214,0
0.3168,0.1206,0
0.27,0.1246,0
0.2938,0.1221,0
0.3204,0.1209,0
0.1888,0.121,0
0.3163,0.125,0
0.3021,0.1198,0
0.2241,0.1233,0
0.3209,0.1221,0
0.304,0.1205,0
0.3133,0.1213,0
0.3076,0.1225,0
0.3151,0.1212,0
0.3301,0.1209,0
0.3203,0.1208,0
0.3393,0.1235,0
0.3133,0.122,0
0.3284,0.1232,0
0.3105,0.122,0
0.3003,0.1227,0
0.3254,0.1204,0
0.334,0.1259,0
0.3657,0.1229,0
0.3095,0.122,0
0.3328,0.1209,0
0.3108,0.1216,0
0.3468,0.1238,0
0.3376,0.1214,0
0.3181,0.1217,0
0.3162,0.1246,0
0.3142,0.1206,0
0.2745,0.1216,0
0.3343,0.1219,0
0.3003,0.1228,0
0.3218,0.1244,0
0.3212,0.1232,0
0.3362,0.1215,0
0.3339,0.1225,0
0.3174,0.1239,0
0.3146,0.1214,0
0.3331,0.1238,0
0.3239,0.1225,0
0.0955,0.1246,0
0.3017,0.1224,0
0.3038,0.1229,0
0.3169,0.1198,0
0.3093,0.1242,0
0.2827,0.1213,0
0.31,0.1255,0
0.2531,0.1237,0
0.3164,0.1231,0
0.2147,0.215,1
0.1785,0.1223,1
0.0975,0.1441,1
0.1225,0.1368,1
0.1263,0.1485,1
0.0824,0.1354,1
0.0884,0.1612,1
0.1629,0.1215,1
0.1795,0.1199,1
0.1379,0.1195,1
0.0629,0.1196,1
0.0782,0.1169,1
0.0715,0.1188,1
0.0682,0.119,1
0.0595,0.1178,1
0.0729,0.1182,1
0.1671,0.119,1
0.0636,0.1189,1
0.071,0.1169,1
0.1009,0.1177,1
0.0642,0.118,1
0.1775,0.1185,1
0.0864,0.1167,1
0.0675,0.1178,1
0.0612,0.117,1
0.0906,0.1179,1
0.0764,0.1169,1
0.0774,0.1201,1
0.0684,0.1197,1
0.0635,0.1176,1
0.1551,0.1178,1
0.0713,0.1176,1
0.0738,0.1162,1
0.0797,0.118,1
0.0766,0.1187,1
0.0985,0.1168,1
0.2167,0.1169,1
0.0695,0.1184,1
0.0632,0.1174,1
0.0576,0.1172,1
0.0715,0.118,1
0.0644,0.1182,1
0.0685,0.1165,1
0.0948,0.1169,1
0.123,0.1187,1
0.1403,0.1193,1
0.1139,0.12,1
0.1246,0.1187,1
0.1264,0.1183,1
0.1325,0.1153,1
0.1162,0.1192,1
0.105,0.1162,1
0.1521,0.118,1
0.1461,0.1194,1
0.0791,0.119,1
0.2055,0.1177,1
0.0707,0.1187,1
0.1723,0.1207,1
0.1258,0.1185,1
0.0724,0.1187,1
0.0687,0.1197,1
0.0643,0.1169,1
0.074,0.119,1
0.0741,0.1215,1
0.1171,0.1172,1
0.1468,0.1197,1
0.086,0.1191,1
0.066,0.1189,1
0.1135,0.1212,1
0.1169,0.1177,1
0.2143,0.1176,1
0.07,0.1175,1
0.0736,0.1182,1
0.0709,0.1183,1
0.0781,0.1186,1
0.0754,0.1179,1
0.0722,0.1176,1
0.0727,0.1193,1
0.066,0.1182,1
0.0763,0.1215,1
0.0613,0.117,1
0.0671,0.1171,1
0.1081,0.1216,1
0.0691,0.1197,1
0.1657,0.1195,1
0.0675,0.1187,1
0.0764,0.1181,1
0.0831,0.1173,1
0.2096,0.118,1
0.0779,0.117,1
0.0856,0.1188,1
0.0812,0.1186,1
0.0954,0.1172,1
0.1826,0.1206,1
0.1388,0.1193,1
0.2146,0.121,1
0.0818,0.1164,1
0.2101,0.1198,1
0.0733,0.1244,1
0.067,0.1175,1
0.0627,0.1197,1
0.1457,0.1209,1
0.0829,0.1176,1
0.0778,0.1196,1
0.0952,0.1213,1
0.0707,0.1183,1
0.061,0.1221,1
0.0789,0.119,1
0.1841,0.1214,1
0.1981,0.1195,1
0.1842,0.1209,1
0.0651,0.1174,1
0.2297,0.1186,1
0.0739,0.1205,1
0.0705,0.1199,1
0.0688,0.1181,1
0.1625,0.1196,1
0.1323,0.1322,1
0.0713,0.1318,1
0.0496,0.1195,1
0.2026,0.1614,1
0.1041,0.1413,1
0.0896,0.1197,1
0.0811,0.1167,1
0.0776,0.1197,1
0.0797,0.1176,1
0.0797,0.119,1
0.0728,0.1222,1
0.0724,0.1203,1
0.0724,0.1184,1
0.0768,0.1203,1
0.2145,0.1196,1
0.2158,0.1213,1
0.0745,0.1191,1
0.0895,0.12,1
0.0762,0.1218,1
0.099,0.1198,1
0.0725,0.1198,1
0.0773,0.1181,1
0.0688,0.1198,1
0.1668,0.1209,1
0.0765,0.1195,1
0.1883,0.121,1
0.0818,0.1188,1
0.2261,0.1197,1
0.0886,0.1177,1
0.0983,0.1199,1
0.0905,0.1208,1
0.094,0.1186,1
0.1246,0.1201,1
0.143,0.1192,1
0.0939,0.1189,1
0.0707,0.1187,1
0.0906,0.1193,1
0.0857,0.1194,1
0.0773,0.1168,1
0.0633,0.1187,1
0.0767,0.1194,1
0.2285,0.119,1
0.1324,0.1197,1
0.1933,0.1183,1
0.0812,0.1196,1
0.1172,0.1174,1
0.0867,0.1192,1
0.0826,0.1177,1
0.082,0.1187,1
0.0704,0.1198,1
0.0646,0.1186,1
0.0755,0.1189,1
0.0818,0.1196,1
0.0741,0.1209,1
0.0829,0.1196,1
0.0816,0.1201,1
0.074,0.1192,1
0.0797,0.1197,1
0.0918,0.1184,1
0.0718,0.121,1
0.0958,0.1203,1
0.072,0.1202,1
0.0713,0.1193,1
0.0716,0.1185,1
0.0723,0.119,1
0.0766,0.1194,1
0.0708,0.119,1
0.0681,0.1195,1
0.078,0.1195,1
0.077,0.1193,1
0.2175,0.1193,1
0.0793,0.1191,1
0.0628,0.1568,1
0.2111,0.1311,1
0.0732,0.1503,1
0.1686,0.1191,1
0.2286,0.119,1
0.0695,0.1196,1
0.0704,0.1255,1
0.121,0.128,1
0.0846,0.1193,1
0.08,0.1234,1
0.1093,0.1198,1
0.0758,0.12,1
0.2072,0.1211,1
0.0761,0.1202,1
0.0761,0.1209,1
0.1367,0.1188,1
0.0711,0.1198,1
0.109,0.1179,1
0.1943,0.1215,1
0.2236,0.1215,1
0.0787,0.1206,1
0.2247,0.1201,1
0.2074,0.1195,1
0.1661,0.1231,1
0.0838,0.1209,1
0.1268,0.1193,1
0.0835,0.1214,1
0.1304,0.1208,1
0.1602,0.1211,1
0.1445,0.1201,1
0.132,0.1205,1
0.1777,0.1211,1
0.1881,0.1218,1
0.1482,0.1192,1
0.1629,0.1192,1
0.2075,0.1196,1
0.1542,0.12,1
0.0786,0.1204,1
0.0936,0.1206,1
0.0757,0.1206,1
0.0775,0.1204,1
0.0806,0.1186,1
0.0798,0.1171,1
0.1707,0.1204,1
0.0777,0.1211,1
0.1771,0.1197,1
0.1161,0.1215,1
0.2032,0.1196,1
0.0862,0.121,1
0.0709,0.1191,1
0.0769,0.1197,1
0.0769,0.1195,1
0.0691,0.1196,1
0.1037,0.1204,1
0.2264,0.1209,1
0.1933,0.1196,1
0.096,0.122,1
0.0757,0.1216,1
0.071,0.1208,1
0.2238,0.1214,1
0.0906,0.1201,1
0.0783,0.1191,1
0.0744,0.1218,1
0.0932,0.1194,1
0.0743,0.1213,1
0.0903,0.1183,1
0.2167,0.121,1
0.0907,0.1186,1
0.0952,0.1202,1
0.0928,0.1189,1
0.0751,0.1213,1
0.0679,0.1206,1
0.0851,0.1224,1
0.091,0.1188,1
0.0737,0.1214,1
0.0752,0.119,1
0.2224,0.1197,1
0.1151,0.1209,1
0.1895,0.1208,1
0.2038,0.1185,1
0.2298,0.12,1
0.1263,0.1202,1
0.1138,0.1546,1
0.0841,0.1929,1
0.1125,0.1337,1
0.1547,0.1292,1
0.2234,0.1395,1
0.2241,0.1286,1
0.075,0.1218,1
0.1907,0.1179,1
0.0748,0.1221,1
0.0756,0.1182,1
0.0624,0.1194,1
0.2138,0.1197,1
0.129,0.119,1
0.0726,0.1185,1
0.0779,0.1193,1
0.0913,0.1177,1
0.1893,0.1206,1
0.0698,0.1183,1
0.0736,0.1193,1
0.0723,0.1195,1
0.0703,0.1224,1
0.0717,0.1181,1
0.0747,0.1191,1
0.0655,0.1192,1
0.0673,0.1199,1
0.1838,0.1185,1
0.0762,0.1162,1
0.0631,0.1171,1
0.072,0.1191,1
0.0671,0.1213,1
0.0731,0.1183,1
0.0778,0.1192,1
0.0806,0.1196,1
0.07,0.1171,1
0.0696,0.1192,1
0.2166,0.1188,1
0.0701,0.1164,1
0.0764,0.118,1
0.0988,0.1172,1
0.1186,0.1196,1
0.0738,0.1188,1
0.0699,0.1192,1
0.0754,0.1201,1
0.0767,0.1193,1
0.2051,0.1202,1
0.2002,0.1191,1
0.078,0.1192,1
0.1824,0.1186,1
0.1973,0.1187,1
0.1839,0.1209,1
0.1156,0.1187,1
0.076,0.1188,1
0.1718,0.1201,1
0.0985,0.1202,1
0.2072,0.1196,1
0.0926,0.1182,1
0.0841,0.1189,1
0.1913,0.1214,1
0.1815,0.1181,1
0.0745,0.1205,1
0.0679,0.1207,1
0.0703,0.1201,1
0.0792,0.1191,1
0.0759,0.1181,1
0.0821,0.1172,1
0.2215,0.1188,1
0.0746,0.1176,1
0.2077,0.1194,1
0.0773,0.1193,1
0.111,0.1197,1
0.1832,0.1201,1
0.0818,0.1201,1
0.2146,0.1191,1
0.0948,0.1222,1
0.081,0.1219,1
0.2273,0.1216,1
0.118,0.1173,1
0.0716,0.1189,1
0.0754,0.1192,1
0.0691,0.1173,1
0.0808,0.1196,1
0.1873,0.119,1
0.0994,0.1196,1
0.0704,0.1183,1
0.1577,0.1195,1
0.087,0.1182,1
0.0609,0.1188,1
0.0667,0.119,1
0.0791,0.1181,1
0.0658,0.1269,1
0.0925,0.1249,1
0.0616,0.1263,1
0.2145,0.1238,1
0.076,0.1267,1
0.1119,0.1356,1
0.1892,0.1261,1
0.0807,0.1238,1
0.1486,0.1335,1
0.0928,0.1275,1
0.0625,0.1248,1
0.0638,0.1226,1
0.1198,0.1309,1
0.1946,0.1316,1
0.2128,0.123,1
0.0739,0.1296,1
0.0534,0.1334,1
0.1093,0.1386,1
0.1799,0.1414,1
0.2001,0.1277,1
0.0656,0.1271,1
0.0712,0.1737,1
0.0479,0.1211,1
0.1207,0.1203,1
0.0632,0.124,1
0.095,0.1231,1
0.1453,0.1253,1
0.0665,0.1247,1
0.0886,0.1238,1
0.1432,0.1233,1
0.1844,0.121,1
0.0762,0.1233,1
0.0951,0.1222,1
0.0582,0.1225,1
0.207,0.1294,1
0.0562,0.1236,1
0.0705,0.1227,1
0.1908,0.1233,1
0.1977,0.1224,1
0.0671,0.1233,1
0.0918,0.1226,1
0.1964,0.123,1
0.2039,0.1227,1
0.113,0.1212,1
0.0593,0.1198,1
0.2025,0.1324,1
0.229,0.1279,1
0.084,0.125,1
0.2045,0.1472,1
0.1398,0.1235,1
0.0812,0.1224,1
0.1141,0.1228,1
0.1409,0.123,1
0.1763,0.1218,1
0.105,0.1229,1
0.1525,0.1291,1
0.1618,0.1201,1
0.151,0.1279,1
0.2286,0.1207,1
0.0734,0.1231,1
0.0722,0.1197,1
0.1893,0.1236,1
0.082,0.1228,1
0.0569,0.1232,1
0.162,0.1219,1
0.0618,0.1232,1
0.1165,0.1236,1
0.0521,0.1228,1
0.2204,0.1266,1
0.2083,0.1251,1
0.0551,0.1246,1
0.1832,0.1219,1
0.1843,0.1255,1
0.162,0.1296,1
0.054,0.3782,1
0.0536,0.1232,1
0.0523,0.124,1
0.0774,0.1241,1
0.0415,0.1229,1
0.049,0.1243,1
0.0577,0.1274,1
0.1743,0.1265,1
0.0741,0.1227,1
0.1494,0.127,1
0.0632,0.1265,1
0.2057,0.1225,1
0.0745,0.1247,1
0.0621,0.1297,1
0.1088,0.1262,1
0.0562,0.1232,1
0.0739,0.1249,1
0.0747,0.126,1
0.2093,0.1241,1
0.064,0.124,1
0.0778,0.1226,1
0.0681,0.1258,1
0.1703,0.1235,1
0.1117,0.1231,1
0.1952,0.1494,1
0.2031,0.1225,1
0.1263,0.1209,1
0.2276,0.1221,1
0.2112,0.1208,1
0.2292,0.1237,1
0.0563,0.1223,1
0.0573,0.1216,1
0.05,0.1225,1
0.0771,0.1226,1
0.2095,0.122,1
0.0875,0.1231,1
0.2084,0.1236,1
0.1479,0.1263,1
0.0623,0.1197,1
0.0897,0.125,1
0.054,0.1238,1
0.0631,0.1203,1
0.0608,0.1207,1
0.1813,0.1222,1
0.1882,0.1242,1
0.2139,0.1242,1
0.0635,0.1222,1
0.2047,0.1203,1
0.0637,0.1246,1
0.0992,0.1217,1
0.1402,0.1223,1
0.1667,0.122,1
0.0532,0.1239,1
0.058,0.1229,1
0.0481,0.1227,1
